Dòng,Tên trong game,Tên thực tế,Đoạn văn bản
61,Planet GG,GameSpot,"Chào bạn, tôi là Steve O'Connell, phóng viên của Planet GG.\nChúng tôi nghe đồn rằng công ty của bạn đang phát triển một trò chơi cho đối tượng người lớn.\nBạn có sẵn lòng cho một cuộc phỏng vấn về vấn đề này không?"
80,Planet GG,GameSpot,"Planet GG gần đây đã đăng một bài phỏng vấn với {0}. Theo bài phỏng vấn, công ty đang phát triển trò chơi đầu tiên nhắm đến đối tượng người chơi trưởng thành. {1}, chủ sở hữu và CEO của {0} cho biết, 'Chúng tôi nghĩ rằng người chơi đang tìm kiếm nhiều nội dung người lớn hơn trong game và chúng tôi sẵn sàng chấp nhận rủi ro để mang đến điều đó cho họ.'{n}"
442,Departure Science,Aperture Science,"Dave Johnson đây, CEO của Departure Science. Một số đối tượng thử nghiệm của chúng tôi gần đây đã tiếp xúc với một vài trò chơi của bạn và, thật ngạc nhiên, họ không hoàn toàn phát điên. Thực tế là họ có vẻ khá thích thú với trải nghiệm đó. Dù sao thì, tôi có một số sản phẩm cần quảng cáo và có thể sử dụng một chút quảng cáo sản phẩm.{n}Mấy cậu bé marketing của tôi nói rằng đưa ra lời đề nghị này cho bạn là một ý tưởng tồi nhưng đó chính xác là lý do tại sao tôi muốn nó. Tôi sẽ trả bạn {0} để đặt một vài thùng thuốc nổ sơn đỏ tuyệt đẹp của chúng tôi vào một trong những trò chơi của bạn. Bạn thấy sao?"
454,Departure Science,Aperture Science,"Departure Science"
521,Mirconoft,Microsoft,"Trong một thông báo bất ngờ, {0}, một công ty nổi tiếng với các trò chơi như {1} đã tiết lộ rằng họ đang phát triển một máy chơi game của riêng mình. Máy chơi game này có tên là {2} được cho là sẽ cạnh tranh với các máy chơi game cao cấp từ các công ty như Mirconoft và Vonny.{n}Chúng tôi rất nóng lòng muốn xem máy chơi game mới này sẽ có tác động lớn đến mức nào."
521,Vonny,Sony,"Trong một thông báo bất ngờ, {0}, một công ty nổi tiếng với các trò chơi như {1} đã tiết lộ rằng họ đang phát triển một máy chơi game của riêng mình. Máy chơi game này có tên là {2} được cho là sẽ cạnh tranh với các máy chơi game cao cấp từ các công ty như Mirconoft và Vonny.{n}Chúng tôi rất nóng lòng muốn xem máy chơi game mới này sẽ có tác động lớn đến mức nào."
728,Grid,Steam,"Thu nhập từ Grid"
815,Govodore G64,Commodore 64,"Các nghiên cứu thị trường gần đây cho thấy Govodore G64 đang dần vượt mặt các đối thủ cạnh tranh trong lĩnh vực PC. Người tiêu dùng ưa chuộng mức giá thấp hơn, tính sẵn có cao hơn và cấu hình phần cứng linh hoạt hơn so với các máy tính gia đình khác.{n}Các chuyên gia cho rằng điều này có thể báo hiệu sự kết thúc của các nhà sản xuất phần cứng cạnh tranh."
815,Govodore,Commodore,"Các nghiên cứu thị trường gần đây cho thấy Govodore G64 đang dần vượt mặt các đối thủ cạnh tranh trong lĩnh vực PC. Người tiêu dùng ưa chuộng mức giá thấp hơn, tính sẵn có cao hơn và cấu hình phần cứng linh hoạt hơn so với các máy tính gia đình khác.{n}Các chuyên gia cho rằng điều này có thể báo hiệu sự kết thúc của các nhà sản xuất phần cứng cạnh tranh."
818,Govodore G64,Commodore 64,"Dữ liệu thị trường gần đây cho thấy Govodore G64 dường như đang dần mất thị phần vào tay các nhà sản xuất PC khác.{n}Trong một tuyên bố không chính thức, một nhân viên G64 cho biết công ty đã không thành công trong việc giới thiệu các máy tính giá cao hơn để cạnh tranh với các PC mới hơn và tiên tiến hơn."
818,Govodore,Commodore,"Dữ liệu thị trường gần đây cho thấy Govodore G64 dường như đang dần mất thị phần vào tay các nhà sản xuất PC khác.{n}Trong một tuyên bố không chính thức, một nhân viên G64 cho biết công ty đã không thành công trong việc giới thiệu các máy tính giá cao hơn để cạnh tranh với các PC mới hơn và tiên tiến hơn."
822,Govodore,Commodore,"Các nhà sản xuất phần cứng trên toàn thế giới đã rất ngạc nhiên hôm nay khi Govodore, nhà sáng tạo ra G64 nổi tiếng, đã nộp đơn xin phá sản.{n}Govodore đã không thể giới thiệu một giải pháp thay thế giá cao hơn và buộc phải ngừng sản xuất G64. Nền tảng này sẽ rút khỏi thị trường {0}."
825,Dinkey King,Donkey Kong,"Theo tin đồn, công ty Nhật Bản Ninvento đang có kế hoạch ra mắt máy chơi game gia đình của riêng mình. Ninvento nổi tiếng với trò chơi arcade rất thành công 'Dinkey King'.{n}Nhiều chuyên gia trong ngành nghi ngờ rằng máy chơi game gia đình sẽ thành công nhưng chúng tôi rất nóng lòng muốn xem Ninvento sẽ mang đến điều gì."
825,Ninvento,Nintendo,"Theo tin đồn, công ty Nhật Bản Ninvento đang có kế hoạch ra mắt máy chơi game gia đình của riêng mình. Ninvento nổi tiếng với trò chơi arcade rất thành công 'Dinkey King'.{n}Nhiều chuyên gia trong ngành nghi ngờ rằng máy chơi game gia đình sẽ thành công nhưng chúng tôi rất nóng lòng muốn xem Ninvento sẽ mang đến điều gì."
829,Ninvento,Nintendo,"Hôm nay, Ninvento đã xác nhận những tin đồn gần đây và công bố kế hoạch phát hành một máy chơi game gia đình mới có tên 'TES' {0}.\nMáy chơi game này sử dụng các trò chơi dựa trên băng cạc-trít và một tay cầm điều khiển được thiết kế độc đáo."
829,TES,NES,"Hôm nay, Ninvento đã xác nhận những tin đồn gần đây và công bố kế hoạch phát hành một máy chơi game gia đình mới có tên 'TES' {0}.\nMáy chơi game này sử dụng các trò chơi dựa trên băng cạc-trít và một tay cầm điều khiển được thiết kế độc đáo."
835,Ninvento,Nintendo,"Máy chơi game gia đình TES mới được phát hành gần đây của Ninvento đã chứng tỏ là một thành công lớn. Doanh số bán hàng đã vượt xa mong đợi.{n}Như một khách hàng nói: 'Tôi yêu thích các trò chơi đi kèm với TES và chơi bằng tay cầm điều khiển thú vị hơn nhiều so với trên bàn phím.'"
835,TES,NES,"Máy chơi game gia đình TES mới được phát hành gần đây của Ninvento đã chứng tỏ là một thành công lớn. Doanh số bán hàng đã vượt xa mong đợi.{n}Như một khách hàng nói: 'Tôi yêu thích các trò chơi đi kèm với TES và chơi bằng tay cầm điều khiển thú vị hơn nhiều so với trên bàn phím.'"
838,Vena,Sega,"Sau thành công vang dội của máy chơi game TES, hiện đang có tin đồn lan truyền rằng Vena, một công ty Nhật Bản khác, đang có kế hoạch tự mình phát hành một máy chơi game gia đình."
838,TES,NES,"Sau thành công vang dội của máy chơi game TES, hiện đang có tin đồn lan truyền rằng Vena, một công ty Nhật Bản khác, đang có kế hoạch tự mình phát hành một máy chơi game gia đình."
842,Ninvento,Nintendo,"Hôm nay, Vena đã xác nhận những tin đồn gần đây về một máy chơi game mới và công bố Master V.\nCông ty tuyên bố rằng Master V vượt trội về mặt kỹ thuật so với TES cực kỳ thành công của Ninvento và có kế hoạch phát hành nó {0}."
842,Master V,Master System,"Hôm nay, Vena đã xác nhận những tin đồn gần đây về một máy chơi game mới và công bố Master V.\nCông ty tuyên bố rằng Master V vượt trội về mặt kỹ thuật so với TES cực kỳ thành công của Ninvento và có kế hoạch phát hành nó {0}."
842,Vena,Sega,"Hôm nay, Vena đã xác nhận những tin đồn gần đây về một máy chơi game mới và công bố Master V.\nCông ty tuyên bố rằng Master V vượt trội về mặt kỹ thuật so với TES cực kỳ thành công của Ninvento và có kế hoạch phát hành nó {0}."
842,TES,NES,"Hôm nay, Vena đã xác nhận những tin đồn gần đây về một máy chơi game mới và công bố Master V.\nCông ty tuyên bố rằng Master V vượt trội về mặt kỹ thuật so với TES cực kỳ thành công của Ninvento và có kế hoạch phát hành nó {0}."
845,Master V,Master System,"Máy chơi game mới được phát hành gần đây, Master V của Vena, đã khuấy động thị trường toàn cầu.\nCác chuyên gia trong ngành cho biết máy chơi game này không được quảng bá tốt ở Bắc Mỹ nhưng sẽ phát triển mạnh ở các khu vực khác trên thế giới."
845,Vena,Sega,"Máy chơi game mới được phát hành gần đây, Master V của Vena, đã khuấy động thị trường toàn cầu.\nCác chuyên gia trong ngành cho biết máy chơi game này không được quảng bá tốt ở Bắc Mỹ nhưng sẽ phát triển mạnh ở các khu vực khác trên thế giới."
852,Ninvento,Nintendo,"Hôm nay, Ninvento đã thông báo rằng họ sẽ giới thiệu một thiết bị chơi game cầm tay có tên là Gameling. Thiết bị này đi kèm với các băng trò chơi có thể thay đổi, màn hình đơn sắc trên nền xanh lá cây, loa tích hợp và thậm chí hỗ trợ nhiều người chơi thông qua cáp kết nối.{n}So với PC và các máy chơi game khác, Gameling có cấu hình yếu hơn nhưng với chi phí thấp hơn và tính di động tuyệt vời, nó có thể thu hút một lượng lớn người theo dõi.{n}Gameling được cho là sẽ lên kệ {0}."
852,Gameling,Game Boy,"Hôm nay, Ninvento đã thông báo rằng họ sẽ giới thiệu một thiết bị chơi game cầm tay có tên là Gameling. Thiết bị này đi kèm với các băng trò chơi có thể thay đổi, màn hình đơn sắc trên nền xanh lá cây, loa tích hợp và thậm chí hỗ trợ nhiều người chơi thông qua cáp kết nối.{n}So với PC và các máy chơi game khác, Gameling có cấu hình yếu hơn nhưng với chi phí thấp hơn và tính di động tuyệt vời, nó có thể thu hút một lượng lớn người theo dõi.{n}Gameling được cho là sẽ lên kệ {0}."
856,Vena Gear,Sega Game Gear,"Vena, nhà sản xuất máy chơi game Master V, đã công bố Vena Gear, một máy chơi game cầm tay để cạnh tranh trực tiếp với Gameling của Ninvento.{n}Một phát ngôn viên của công ty cho biết, 'Không giống như các thiết bị tương tự trên thị trường không thể sánh được với máy chơi game, Vena Gear về cơ bản có đầy đủ sức mạnh của Master V, ngoại trừ việc bạn có thể mang theo bên mình. Vena Gear cũng có màn hình màu đầy đủ'.{n}Liệu thiết bị này có lật đổ được Gameling không? Chúng ta sẽ xem. Vena Gear sẽ ra mắt {0}."
856,Ninvento,Nintendo,"Vena, nhà sản xuất máy chơi game Master V, đã công bố Vena Gear, một máy chơi game cầm tay để cạnh tranh trực tiếp với Gameling của Ninvento.{n}Một phát ngôn viên của công ty cho biết, 'Không giống như các thiết bị tương tự trên thị trường không thể sánh được với máy chơi game, Vena Gear về cơ bản có đầy đủ sức mạnh của Master V, ngoại trừ việc bạn có thể mang theo bên mình. Vena Gear cũng có màn hình màu đầy đủ'.{n}Liệu thiết bị này có lật đổ được Gameling không? Chúng ta sẽ xem. Vena Gear sẽ ra mắt {0}."
856,Master V,Master System,"Vena, nhà sản xuất máy chơi game Master V, đã công bố Vena Gear, một máy chơi game cầm tay để cạnh tranh trực tiếp với Gameling của Ninvento.{n}Một phát ngôn viên của công ty cho biết, 'Không giống như các thiết bị tương tự trên thị trường không thể sánh được với máy chơi game, Vena Gear về cơ bản có đầy đủ sức mạnh của Master V, ngoại trừ việc bạn có thể mang theo bên mình. Vena Gear cũng có màn hình màu đầy đủ'.{n}Liệu thiết bị này có lật đổ được Gameling không? Chúng ta sẽ xem. Vena Gear sẽ ra mắt {0}."
856,Gameling,Game Boy,"Vena, nhà sản xuất máy chơi game Master V, đã công bố Vena Gear, một máy chơi game cầm tay để cạnh tranh trực tiếp với Gameling của Ninvento.{n}Một phát ngôn viên của công ty cho biết, 'Không giống như các thiết bị tương tự trên thị trường không thể sánh được với máy chơi game, Vena Gear về cơ bản có đầy đủ sức mạnh của Master V, ngoại trừ việc bạn có thể mang theo bên mình. Vena Gear cũng có màn hình màu đầy đủ'.{n}Liệu thiết bị này có lật đổ được Gameling không? Chúng ta sẽ xem. Vena Gear sẽ ra mắt {0}."
856,Vena,Sega,"Vena, nhà sản xuất máy chơi game Master V, đã công bố Vena Gear, một máy chơi game cầm tay để cạnh tranh trực tiếp với Gameling của Ninvento.{n}Một phát ngôn viên của công ty cho biết, 'Không giống như các thiết bị tương tự trên thị trường không thể sánh được với máy chơi game, Vena Gear về cơ bản có đầy đủ sức mạnh của Master V, ngoại trừ việc bạn có thể mang theo bên mình. Vena Gear cũng có màn hình màu đầy đủ'.{n}Liệu thiết bị này có lật đổ được Gameling không? Chúng ta sẽ xem. Vena Gear sẽ ra mắt {0}."
860,Vena Oasis,Sega Genesis,"Vena đã thông báo rằng họ sẽ phát hành một máy chơi game mới {0}. Vena Oasis đi kèm với đồ họa và âm thanh 16-bit hứa hẹn một trải nghiệm chơi game mới mẻ.{n}Vena cho biết tại buổi công bố, 'Oasis là một khởi đầu mới, nó sẽ là khởi nguồn của một thế hệ máy chơi game mới và chúng tôi tin rằng nó sẽ hoạt động rất tốt trên thị trường'. Một số trò chơi đã được công bố cho máy chơi game này cho thấy nó sẽ thu hút những đối tượng người chơi trưởng thành hơn."
860,Vena,Sega,"Vena đã thông báo rằng họ sẽ phát hành một máy chơi game mới {0}. Vena Oasis đi kèm với đồ họa và âm thanh 16-bit hứa hẹn một trải nghiệm chơi game mới mẻ.{n}Vena cho biết tại buổi công bố, 'Oasis là một khởi đầu mới, nó sẽ là khởi nguồn của một thế hệ máy chơi game mới và chúng tôi tin rằng nó sẽ hoạt động rất tốt trên thị trường'. Một số trò chơi đã được công bố cho máy chơi game này cho thấy nó sẽ thu hút những đối tượng người chơi trưởng thành hơn."
863,Super TES,Super NES,"Hôm nay, Ninvento đã công bố người kế nhiệm rất được mong đợi cho máy chơi game TES nổi tiếng. 'Đây là máy chơi game tuyệt vời nhất mà chúng tôi từng chế tạo. Nó đi kèm với đồ họa và âm thanh 16-bit tiên tiến nhất. Nó đơn giản là siêu phẩm và đó là lý do tại sao chúng tôi quyết định gọi nó là Super TES!'.{n}Người hâm mộ trên toàn thế giới đã chờ đợi khoảnh khắc này và có vẻ như họ sẽ không phải thất vọng."
863,Ninvento,Nintendo,"Hôm nay, Ninvento đã công bố người kế nhiệm rất được mong đợi cho máy chơi game TES nổi tiếng. 'Đây là máy chơi game tuyệt vời nhất mà chúng tôi từng chế tạo. Nó đi kèm với đồ họa và âm thanh 16-bit tiên tiến nhất. Nó đơn giản là siêu phẩm và đó là lý do tại sao chúng tôi quyết định gọi nó là Super TES!'.{n}Người hâm mộ trên toàn thế giới đã chờ đợi khoảnh khắc này và có vẻ như họ sẽ không phải thất vọng."
863,TES,NES,"Hôm nay, Ninvento đã công bố người kế nhiệm rất được mong đợi cho máy chơi game TES nổi tiếng. 'Đây là máy chơi game tuyệt vời nhất mà chúng tôi từng chế tạo. Nó đi kèm với đồ họa và âm thanh 16-bit tiên tiến nhất. Nó đơn giản là siêu phẩm và đó là lý do tại sao chúng tôi quyết định gọi nó là Super TES!'.{n}Người hâm mộ trên toàn thế giới đã chờ đợi khoảnh khắc này và có vẻ như họ sẽ không phải thất vọng."
866,Play System,PlayStation,"Giới truyền thông đang xôn xao với những tin tức mới nhất từ Hội nghị Giải trí năm nay. Trong một thông báo bất ngờ, Vonny, một công ty nổi tiếng về điện tử gia dụng đã giới thiệu một nguyên mẫu máy chơi game có tên là Play System.{n}Rõ ràng Vonny đã hợp tác với Ninvento, nhà sản xuất các máy chơi game TES và Super TES được yêu thích và thành công, để phát triển một sản phẩm về cơ bản là Super TES có ổ đĩa CD.{n}Đây sẽ là máy chơi game đầu tiên trên thế giới sử dụng ổ đĩa CD."
866,Super TES,Super NES,"Giới truyền thông đang xôn xao với những tin tức mới nhất từ Hội nghị Giải trí năm nay. Trong một thông báo bất ngờ, Vonny, một công ty nổi tiếng về điện tử gia dụng đã giới thiệu một nguyên mẫu máy chơi game có tên là Play System.{n}Rõ ràng Vonny đã hợp tác với Ninvento, nhà sản xuất các máy chơi game TES và Super TES được yêu thích và thành công, để phát triển một sản phẩm về cơ bản là Super TES có ổ đĩa CD.{n}Đây sẽ là máy chơi game đầu tiên trên thế giới sử dụng ổ đĩa CD."
866,Ninvento,Nintendo,"Giới truyền thông đang xôn xao với những tin tức mới nhất từ Hội nghị Giải trí năm nay. Trong một thông báo bất ngờ, Vonny, một công ty nổi tiếng về điện tử gia dụng đã giới thiệu một nguyên mẫu máy chơi game có tên là Play System.{n}Rõ ràng Vonny đã hợp tác với Ninvento, nhà sản xuất các máy chơi game TES và Super TES được yêu thích và thành công, để phát triển một sản phẩm về cơ bản là Super TES có ổ đĩa CD.{n}Đây sẽ là máy chơi game đầu tiên trên thế giới sử dụng ổ đĩa CD."
866,Vonny,Sony,"Giới truyền thông đang xôn xao với những tin tức mới nhất từ Hội nghị Giải trí năm nay. Trong một thông báo bất ngờ, Vonny, một công ty nổi tiếng về điện tử gia dụng đã giới thiệu một nguyên mẫu máy chơi game có tên là Play System.{n}Rõ ràng Vonny đã hợp tác với Ninvento, nhà sản xuất các máy chơi game TES và Super TES được yêu thích và thành công, để phát triển một sản phẩm về cơ bản là Super TES có ổ đĩa CD.{n}Đây sẽ là máy chơi game đầu tiên trên thế giới sử dụng ổ đĩa CD."
866,TES,NES,"Giới truyền thông đang xôn xao với những tin tức mới nhất từ Hội nghị Giải trí năm nay. Trong một thông báo bất ngờ, Vonny, một công ty nổi tiếng về điện tử gia dụng đã giới thiệu một nguyên mẫu máy chơi game có tên là Play System.{n}Rõ ràng Vonny đã hợp tác với Ninvento, nhà sản xuất các máy chơi game TES và Super TES được yêu thích và thành công, để phát triển một sản phẩm về cơ bản là Super TES có ổ đĩa CD.{n}Đây sẽ là máy chơi game đầu tiên trên thế giới sử dụng ổ đĩa CD."
869,Play System,PlayStation,"Các nhà báo trên toàn thế giới đang hoang mang vì chỉ một ngày sau khi Vonny và Ninvento cùng nhau công bố Play System tại Hội nghị Giải trí, mọi chuyện đã trở nên tồi tệ.{n}Ninvento hôm nay thông báo rằng họ sẽ hủy bỏ dự án và thay vào đó tìm cách phát triển một máy chơi game mới với một đối tác khác.{n}Có tin đồn rằng thỏa thuận phân phối mà các công ty đã đạt được không có lợi cho Ninvento khi giao quá nhiều quyền kiểm soát cho Vonny.{n}Đây dường như là dấu chấm hết cho Play System."
869,Ninvento,Nintendo,"Các nhà báo trên toàn thế giới đang hoang mang vì chỉ một ngày sau khi Vonny và Ninvento cùng nhau công bố Play System tại Hội nghị Giải trí, mọi chuyện đã trở nên tồi tệ.{n}Ninvento hôm nay thông báo rằng họ sẽ hủy bỏ dự án và thay vào đó tìm cách phát triển một máy chơi game mới với một đối tác khác.{n}Có tin đồn rằng thỏa thuận phân phối mà các công ty đã đạt được không có lợi cho Ninvento khi giao quá nhiều quyền kiểm soát cho Vonny.{n}Đây dường như là dấu chấm hết cho Play System."
869,Vonny,Sony,"Các nhà báo trên toàn thế giới đang hoang mang vì chỉ một ngày sau khi Vonny và Ninvento cùng nhau công bố Play System tại Hội nghị Giải trí, mọi chuyện đã trở nên tồi tệ.{n}Ninvento hôm nay thông báo rằng họ sẽ hủy bỏ dự án và thay vào đó tìm cách phát triển một máy chơi game mới với một đối tác khác.{n}Có tin đồn rằng thỏa thuận phân phối mà các công ty đã đạt được không có lợi cho Ninvento khi giao quá nhiều quyền kiểm soát cho Vonny.{n}Đây dường như là dấu chấm hết cho Play System."
873,Play System,PlayStation,"Hôm nay, Vonny đã công bố máy chơi game của riêng họ có tên là Playsystem. Rõ ràng công ty đã hoàn toàn làm lại nguyên mẫu Play System trước đó của họ sau khi Ninvento hủy bỏ dự án.{n}Playsystem mới đi kèm với ổ đĩa CD-ROM và bộ xử lý 32-bit và hoàn toàn thuộc sở hữu của Vonny. Các chuyên gia trong ngành cho rằng đây có thể là sự khởi đầu của một thế hệ máy chơi game mới. Ninvento từ chối bình luận. Playsystem sẽ gia nhập thị trường {0}."
873,Playsystem,PlayStation,"Hôm nay, Vonny đã công bố máy chơi game của riêng họ có tên là Playsystem. Rõ ràng công ty đã hoàn toàn làm lại nguyên mẫu Play System trước đó của họ sau khi Ninvento hủy bỏ dự án.{n}Playsystem mới đi kèm với ổ đĩa CD-ROM và bộ xử lý 32-bit và hoàn toàn thuộc sở hữu của Vonny. Các chuyên gia trong ngành cho rằng đây có thể là sự khởi đầu của một thế hệ máy chơi game mới. Ninvento từ chối bình luận. Playsystem sẽ gia nhập thị trường {0}."
873,Ninvento,Nintendo,"Hôm nay, Vonny đã công bố máy chơi game của riêng họ có tên là Playsystem. Rõ ràng công ty đã hoàn toàn làm lại nguyên mẫu Play System trước đó của họ sau khi Ninvento hủy bỏ dự án.{n}Playsystem mới đi kèm với ổ đĩa CD-ROM và bộ xử lý 32-bit và hoàn toàn thuộc sở hữu của Vonny. Các chuyên gia trong ngành cho rằng đây có thể là sự khởi đầu của một thế hệ máy chơi game mới. Ninvento từ chối bình luận. Playsystem sẽ gia nhập thị trường {0}."
873,Vonny,Sony,"Hôm nay, Vonny đã công bố máy chơi game của riêng họ có tên là Playsystem. Rõ ràng công ty đã hoàn toàn làm lại nguyên mẫu Play System trước đó của họ sau khi Ninvento hủy bỏ dự án.{n}Playsystem mới đi kèm với ổ đĩa CD-ROM và bộ xử lý 32-bit và hoàn toàn thuộc sở hữu của Vonny. Các chuyên gia trong ngành cho rằng đây có thể là sự khởi đầu của một thế hệ máy chơi game mới. Ninvento từ chối bình luận. Playsystem sẽ gia nhập thị trường {0}."
877,Playsystem,PlayStation,"Ninvento hôm nay đã công bố máy chơi game thế hệ tiếp theo của họ có tên là TES 64. Dự kiến {0}, đây là máy chơi game đầu tiên trên thế giới sử dụng bộ xử lý 64-bit cho đồ họa và âm thanh. Ninvento cho biết điều này sẽ cho phép tạo ra độ chân thực 3D chưa từng thấy.{n}Trong những năm gần đây, Super TES đã mất rất nhiều thị phần vào tay các máy chơi game hiện đại hơn. Các chuyên gia thị trường cho biết phần cứng của TES 64 chắc chắn rất ấn tượng, nhưng bày tỏ sự ngạc nhiên rằng nó vẫn sử dụng băng ROM thay vì định dạng CD-ROM rẻ hơn nhiều và có dung lượng cao hơn.{n}Tuy nhiên, TES 64 có vẻ là một máy chơi game ấn tượng và Ninvento cho biết họ có kế hoạch định giá cạnh tranh mạnh mẽ với Playsystem của Vonny."
877,Super TES,Super NES,"Ninvento hôm nay đã công bố máy chơi game thế hệ tiếp theo của họ có tên là TES 64. Dự kiến {0}, đây là máy chơi game đầu tiên trên thế giới sử dụng bộ xử lý 64-bit cho đồ họa và âm thanh. Ninvento cho biết điều này sẽ cho phép tạo ra độ chân thực 3D chưa từng thấy.{n}Trong những năm gần đây, Super TES đã mất rất nhiều thị phần vào tay các máy chơi game hiện đại hơn. Các chuyên gia thị trường cho biết phần cứng của TES 64 chắc chắn rất ấn tượng, nhưng bày tỏ sự ngạc nhiên rằng nó vẫn sử dụng băng ROM thay vì định dạng CD-ROM rẻ hơn nhiều và có dung lượng cao hơn.{n}Tuy nhiên, TES 64 có vẻ là một máy chơi game ấn tượng và Ninvento cho biết họ có kế hoạch định giá cạnh tranh mạnh mẽ với Playsystem của Vonny."
877,Ninvento,Nintendo,"Ninvento hôm nay đã công bố máy chơi game thế hệ tiếp theo của họ có tên là TES 64. Dự kiến {0}, đây là máy chơi game đầu tiên trên thế giới sử dụng bộ xử lý 64-bit cho đồ họa và âm thanh. Ninvento cho biết điều này sẽ cho phép tạo ra độ chân thực 3D chưa từng thấy.{n}Trong những năm gần đây, Super TES đã mất rất nhiều thị phần vào tay các máy chơi game hiện đại hơn. Các chuyên gia thị trường cho biết phần cứng của TES 64 chắc chắn rất ấn tượng, nhưng bày tỏ sự ngạc nhiên rằng nó vẫn sử dụng băng ROM thay vì định dạng CD-ROM rẻ hơn nhiều và có dung lượng cao hơn.{n}Tuy nhiên, TES 64 có vẻ là một máy chơi game ấn tượng và Ninvento cho biết họ có kế hoạch định giá cạnh tranh mạnh mẽ với Playsystem của Vonny."
877,TES 64,NES 64,"Ninvento hôm nay đã công bố máy chơi game thế hệ tiếp theo của họ có tên là TES 64. Dự kiến {0}, đây là máy chơi game đầu tiên trên thế giới sử dụng bộ xử lý 64-bit cho đồ họa và âm thanh. Ninvento cho biết điều này sẽ cho phép tạo ra độ chân thực 3D chưa từng thấy.{n}Trong những năm gần đây, Super TES đã mất rất nhiều thị phần vào tay các máy chơi game hiện đại hơn. Các chuyên gia thị trường cho biết phần cứng của TES 64 chắc chắn rất ấn tượng, nhưng bày tỏ sự ngạc nhiên rằng nó vẫn sử dụng băng ROM thay vì định dạng CD-ROM rẻ hơn nhiều và có dung lượng cao hơn.{n}Tuy nhiên, TES 64 có vẻ là một máy chơi game ấn tượng và Ninvento cho biết họ có kế hoạch định giá cạnh tranh mạnh mẽ với Playsystem của Vonny."
877,Vonny,Sony,"Ninvento hôm nay đã công bố máy chơi game thế hệ tiếp theo của họ có tên là TES 64. Dự kiến {0}, đây là máy chơi game đầu tiên trên thế giới sử dụng bộ xử lý 64-bit cho đồ họa và âm thanh. Ninvento cho biết điều này sẽ cho phép tạo ra độ chân thực 3D chưa từng thấy.{n}Trong những năm gần đây, Super TES đã mất rất nhiều thị phần vào tay các máy chơi game hiện đại hơn. Các chuyên gia thị trường cho biết phần cứng của TES 64 chắc chắn rất ấn tượng, nhưng bày tỏ sự ngạc nhiên rằng nó vẫn sử dụng băng ROM thay vì định dạng CD-ROM rẻ hơn nhiều và có dung lượng cao hơn.{n}Tuy nhiên, TES 64 có vẻ là một máy chơi game ấn tượng và Ninvento cho biết họ có kế hoạch định giá cạnh tranh mạnh mẽ với Playsystem của Vonny."
877,TES,NES,"Ninvento hôm nay đã công bố máy chơi game thế hệ tiếp theo của họ có tên là TES 64. Dự kiến {0}, đây là máy chơi game đầu tiên trên thế giới sử dụng bộ xử lý 64-bit cho đồ họa và âm thanh. Ninvento cho biết điều này sẽ cho phép tạo ra độ chân thực 3D chưa từng thấy.{n}Trong những năm gần đây, Super TES đã mất rất nhiều thị phần vào tay các máy chơi game hiện đại hơn. Các chuyên gia thị trường cho biết phần cứng của TES 64 chắc chắn rất ấn tượng, nhưng bày tỏ sự ngạc nhiên rằng nó vẫn sử dụng băng ROM thay vì định dạng CD-ROM rẻ hơn nhiều và có dung lượng cao hơn.{n}Tuy nhiên, TES 64 có vẻ là một máy chơi game ấn tượng và Ninvento cho biết họ có kế hoạch định giá cạnh tranh mạnh mẽ với Playsystem của Vonny."
881,DreamVast,Dreamcast,"Ngày mà người hâm mộ Vena đã chờ đợi từ lâu đã đến, khi Vena công bố máy chơi game thế hệ tiếp theo của họ, DreamVast. Một phát ngôn viên của công ty cho biết, 'DreamVast là một giấc mơ trở thành hiện thực. Máy chơi game này là máy chơi game tiên tiến nhất trong lịch sử!'.{n}Máy chơi game mới này sở hữu phần cứng đồ họa mạnh mẽ hứa hẹn chất lượng đồ họa sánh ngang với các PC cao cấp. DreamVast cũng là máy chơi game đầu tiên được trang bị modem sẵn có, giúp nó sẵn sàng cho việc chơi trực tuyến. Máy chơi game sẽ có mặt trên thị trường {0}."
881,Vena,Sega,"Ngày mà người hâm mộ Vena đã chờ đợi từ lâu đã đến, khi Vena công bố máy chơi game thế hệ tiếp theo của họ, DreamVast. Một phát ngôn viên của công ty cho biết, 'DreamVast là một giấc mơ trở thành hiện thực. Máy chơi game này là máy chơi game tiên tiến nhất trong lịch sử!'.{n}Máy chơi game mới này sở hữu phần cứng đồ họa mạnh mẽ hứa hẹn chất lượng đồ họa sánh ngang với các PC cao cấp. DreamVast cũng là máy chơi game đầu tiên được trang bị modem sẵn có, giúp nó sẵn sàng cho việc chơi trực tuyến. Máy chơi game sẽ có mặt trên thị trường {0}."
884,Playsystem 2,PlayStation 2,"Hôm nay, Vonny đã công bố người kế nhiệm rất được mong đợi cho máy chơi game Playsystem nổi tiếng của họ. Playsystem 2 sẽ có phần cứng được nâng cấp để cạnh tranh với các máy chơi game thế hệ mới hơn như DreamVast.{n}Không giống như DreamVast, Playsystem 2 không tập trung nhiều vào chơi trực tuyến mà thay vào đó dường như tập trung vào thế mạnh của Playsystem trước đó. Một tay cầm điều khiển được nâng cấp chắc chắn bao gồm chức năng rung, đồ họa được nâng cấp, hỗ trợ các tựa game DVD và thậm chí cả khả năng tương thích ngược với các trò chơi Playsystem 1."
884,Playsystem,PlayStation,"Hôm nay, Vonny đã công bố người kế nhiệm rất được mong đợi cho máy chơi game Playsystem nổi tiếng của họ. Playsystem 2 sẽ có phần cứng được nâng cấp để cạnh tranh với các máy chơi game thế hệ mới hơn như DreamVast.{n}Không giống như DreamVast, Playsystem 2 không tập trung nhiều vào chơi trực tuyến mà thay vào đó dường như tập trung vào thế mạnh của Playsystem trước đó. Một tay cầm điều khiển được nâng cấp chắc chắn bao gồm chức năng rung, đồ họa được nâng cấp, hỗ trợ các tựa game DVD và thậm chí cả khả năng tương thích ngược với các trò chơi Playsystem 1."
884,DreamVast,Dreamcast,"Hôm nay, Vonny đã công bố người kế nhiệm rất được mong đợi cho máy chơi game Playsystem nổi tiếng của họ. Playsystem 2 sẽ có phần cứng được nâng cấp để cạnh tranh với các máy chơi game thế hệ mới hơn như DreamVast.{n}Không giống như DreamVast, Playsystem 2 không tập trung nhiều vào chơi trực tuyến mà thay vào đó dường như tập trung vào thế mạnh của Playsystem trước đó. Một tay cầm điều khiển được nâng cấp chắc chắn bao gồm chức năng rung, đồ họa được nâng cấp, hỗ trợ các tựa game DVD và thậm chí cả khả năng tương thích ngược với các trò chơi Playsystem 1."
884,Vonny,Sony,"Hôm nay, Vonny đã công bố người kế nhiệm rất được mong đợi cho máy chơi game Playsystem nổi tiếng của họ. Playsystem 2 sẽ có phần cứng được nâng cấp để cạnh tranh với các máy chơi game thế hệ mới hơn như DreamVast.{n}Không giống như DreamVast, Playsystem 2 không tập trung nhiều vào chơi trực tuyến mà thay vào đó dường như tập trung vào thế mạnh của Playsystem trước đó. Một tay cầm điều khiển được nâng cấp chắc chắn bao gồm chức năng rung, đồ họa được nâng cấp, hỗ trợ các tựa game DVD và thậm chí cả khả năng tương thích ngược với các trò chơi Playsystem 1."
887,Playsystem 2,PlayStation 2,"Kể từ khi phát hành, DreamVast của Vena là một trong những máy chơi game bán chạy nhất trong lịch sử nhưng gần đây có vẻ như sự mong đợi về việc phát hành Playsystem 2 sắp tới đang làm chậm doanh số bán hàng.{n}Nếu Playsystem 2 có thể đáp ứng được sự kỳ vọng khi nó được phát hành thì Vena có thể gặp rắc rối lớn."
887,Playsystem,PlayStation,"Kể từ khi phát hành, DreamVast của Vena là một trong những máy chơi game bán chạy nhất trong lịch sử nhưng gần đây có vẻ như sự mong đợi về việc phát hành Playsystem 2 sắp tới đang làm chậm doanh số bán hàng.{n}Nếu Playsystem 2 có thể đáp ứng được sự kỳ vọng khi nó được phát hành thì Vena có thể gặp rắc rối lớn."
887,DreamVast,Dreamcast,"Kể từ khi phát hành, DreamVast của Vena là một trong những máy chơi game bán chạy nhất trong lịch sử nhưng gần đây có vẻ như sự mong đợi về việc phát hành Playsystem 2 sắp tới đang làm chậm doanh số bán hàng.{n}Nếu Playsystem 2 có thể đáp ứng được sự kỳ vọng khi nó được phát hành thì Vena có thể gặp rắc rối lớn."
887,Vena,Sega,"Kể từ khi phát hành, DreamVast của Vena là một trong những máy chơi game bán chạy nhất trong lịch sử nhưng gần đây có vẻ như sự mong đợi về việc phát hành Playsystem 2 sắp tới đang làm chậm doanh số bán hàng.{n}Nếu Playsystem 2 có thể đáp ứng được sự kỳ vọng khi nó được phát hành thì Vena có thể gặp rắc rối lớn."
891,Playsystem 2,PlayStation 2,"Gã khổng lồ phần mềm PC Mirconoft hôm nay đã thông báo rằng họ sẽ tham gia thị trường máy chơi game với máy chơi game của riêng mình có tên là mBox.{n}Các buổi trình diễn đầu tiên rất ấn tượng, nhưng chúng ta sẽ phải chờ xem nó hoạt động như thế nào trước DreamVast nổi tiếng, cũng như trước Playsystem 2 mới được công bố gần đây và rất được mong đợi. Máy chơi game mới được cho là sẽ ra mắt {0}."
891,Playsystem,PlayStation,"Gã khổng lồ phần mềm PC Mirconoft hôm nay đã thông báo rằng họ sẽ tham gia thị trường máy chơi game với máy chơi game của riêng mình có tên là mBox.{n}Các buổi trình diễn đầu tiên rất ấn tượng, nhưng chúng ta sẽ phải chờ xem nó hoạt động như thế nào trước DreamVast nổi tiếng, cũng như trước Playsystem 2 mới được công bố gần đây và rất được mong đợi. Máy chơi game mới được cho là sẽ ra mắt {0}."
891,Mirconoft,Microsoft,"Gã khổng lồ phần mềm PC Mirconoft hôm nay đã thông báo rằng họ sẽ tham gia thị trường máy chơi game với máy chơi game của riêng mình có tên là mBox.{n}Các buổi trình diễn đầu tiên rất ấn tượng, nhưng chúng ta sẽ phải chờ xem nó hoạt động như thế nào trước DreamVast nổi tiếng, cũng như trước Playsystem 2 mới được công bố gần đây và rất được mong đợi. Máy chơi game mới được cho là sẽ ra mắt {0}."
891,DreamVast,Dreamcast,"Gã khổng lồ phần mềm PC Mirconoft hôm nay đã thông báo rằng họ sẽ tham gia thị trường máy chơi game với máy chơi game của riêng mình có tên là mBox.{n}Các buổi trình diễn đầu tiên rất ấn tượng, nhưng chúng ta sẽ phải chờ xem nó hoạt động như thế nào trước DreamVast nổi tiếng, cũng như trước Playsystem 2 mới được công bố gần đây và rất được mong đợi. Máy chơi game mới được cho là sẽ ra mắt {0}."
891,mBox,Xbox,"Gã khổng lồ phần mềm PC Mirconoft hôm nay đã thông báo rằng họ sẽ tham gia thị trường máy chơi game với máy chơi game của riêng mình có tên là mBox.{n}Các buổi trình diễn đầu tiên rất ấn tượng, nhưng chúng ta sẽ phải chờ xem nó hoạt động như thế nào trước DreamVast nổi tiếng, cũng như trước Playsystem 2 mới được công bố gần đây và rất được mong đợi. Máy chơi game mới được cho là sẽ ra mắt {0}."
894,Playsystem 2,PlayStation 2,"Sự ra mắt của Playsystem 2 là một thành công phi thường. Các cửa hàng ở khắp mọi nơi đều hết hàng vì sản xuất hầu như không thể theo kịp. Người hâm mộ đã phải mua máy chơi game trên các trang đấu giá trực tuyến với giá cao gấp năm lần giá bình thường.{n}Trong khi Vonny đã có màn ra mắt thành công nhất trong lịch sử, doanh số bán hàng của DreamVast của Vena đã giảm mạnh."
894,Playsystem,PlayStation,"Sự ra mắt của Playsystem 2 là một thành công phi thường. Các cửa hàng ở khắp mọi nơi đều hết hàng vì sản xuất hầu như không thể theo kịp. Người hâm mộ đã phải mua máy chơi game trên các trang đấu giá trực tuyến với giá cao gấp năm lần giá bình thường.{n}Trong khi Vonny đã có màn ra mắt thành công nhất trong lịch sử, doanh số bán hàng của DreamVast của Vena đã giảm mạnh."
894,DreamVast,Dreamcast,"Sự ra mắt của Playsystem 2 là một thành công phi thường. Các cửa hàng ở khắp mọi nơi đều hết hàng vì sản xuất hầu như không thể theo kịp. Người hâm mộ đã phải mua máy chơi game trên các trang đấu giá trực tuyến với giá cao gấp năm lần giá bình thường.{n}Trong khi Vonny đã có màn ra mắt thành công nhất trong lịch sử, doanh số bán hàng của DreamVast của Vena đã giảm mạnh."
894,Vonny,Sony,"Sự ra mắt của Playsystem 2 là một thành công phi thường. Các cửa hàng ở khắp mọi nơi đều hết hàng vì sản xuất hầu như không thể theo kịp. Người hâm mộ đã phải mua máy chơi game trên các trang đấu giá trực tuyến với giá cao gấp năm lần giá bình thường.{n}Trong khi Vonny đã có màn ra mắt thành công nhất trong lịch sử, doanh số bán hàng của DreamVast của Vena đã giảm mạnh."
894,Vena,Sega,"Sự ra mắt của Playsystem 2 là một thành công phi thường. Các cửa hàng ở khắp mọi nơi đều hết hàng vì sản xuất hầu như không thể theo kịp. Người hâm mộ đã phải mua máy chơi game trên các trang đấu giá trực tuyến với giá cao gấp năm lần giá bình thường.{n}Trong khi Vonny đã có màn ra mắt thành công nhất trong lịch sử, doanh số bán hàng của DreamVast của Vena đã giảm mạnh."
897,DreamVast,Dreamcast,"Trong một thông báo đáng buồn, Vena hôm nay đã xác nhận việc ngừng sản xuất DreamVast. Chủ tịch của Vena cho biết mặc dù nhiều công ty vẫn sẽ cung cấp trò chơi cho nền tảng này, công ty sẽ không sản xuất các đơn vị mới trong tương lai nữa.{n}Người hâm mộ Vena trên toàn thế giới thất vọng, vì một phần yêu thích của lịch sử máy chơi game sắp kết thúc."
897,Vena,Sega,"Trong một thông báo đáng buồn, Vena hôm nay đã xác nhận việc ngừng sản xuất DreamVast. Chủ tịch của Vena cho biết mặc dù nhiều công ty vẫn sẽ cung cấp trò chơi cho nền tảng này, công ty sẽ không sản xuất các đơn vị mới trong tương lai nữa.{n}Người hâm mộ Vena trên toàn thế giới thất vọng, vì một phần yêu thích của lịch sử máy chơi game sắp kết thúc."
901,Playsystem 2,PlayStation 2,"Hôm nay, Ninvento đã công bố Ninvento Game Sphere mới, với sản phẩm này, họ sẽ cố gắng cạnh tranh với Playsystem 2 đang dẫn đầu thị trường của Vonny và giải pháp thay thế mạnh mẽ của Mirconoft, mBox. Máy chơi game có hình dạng kỳ lạ này có thông số kỹ thuật phần cứng tương tự như các máy chơi game khác.{n}Game Sphere là máy chơi game đầu tiên của Ninvento có ổ đĩa quang thay vì băng cạc-trít. Tuy nhiên, thay vì sử dụng đĩa CD và DVD kích thước đầy đủ như các đối thủ cạnh tranh, máy chơi game này lại có ổ đĩa mini-DVD. Game Spheres sẽ bắt đầu có mặt tại các cửa hàng {0}."
901,Game Sphere,GameCube,"Hôm nay, Ninvento đã công bố Ninvento Game Sphere mới, với sản phẩm này, họ sẽ cố gắng cạnh tranh với Playsystem 2 đang dẫn đầu thị trường của Vonny và giải pháp thay thế mạnh mẽ của Mirconoft, mBox. Máy chơi game có hình dạng kỳ lạ này có thông số kỹ thuật phần cứng tương tự như các máy chơi game khác.{n}Game Sphere là máy chơi game đầu tiên của Ninvento có ổ đĩa quang thay vì băng cạc-trít. Tuy nhiên, thay vì sử dụng đĩa CD và DVD kích thước đầy đủ như các đối thủ cạnh tranh, máy chơi game này lại có ổ đĩa mini-DVD. Game Spheres sẽ bắt đầu có mặt tại các cửa hàng {0}."
901,Playsystem,PlayStation,"Hôm nay, Ninvento đã công bố Ninvento Game Sphere mới, với sản phẩm này, họ sẽ cố gắng cạnh tranh với Playsystem 2 đang dẫn đầu thị trường của Vonny và giải pháp thay thế mạnh mẽ của Mirconoft, mBox. Máy chơi game có hình dạng kỳ lạ này có thông số kỹ thuật phần cứng tương tự như các máy chơi game khác.{n}Game Sphere là máy chơi game đầu tiên của Ninvento có ổ đĩa quang thay vì băng cạc-trít. Tuy nhiên, thay vì sử dụng đĩa CD và DVD kích thước đầy đủ như các đối thủ cạnh tranh, máy chơi game này lại có ổ đĩa mini-DVD. Game Spheres sẽ bắt đầu có mặt tại các cửa hàng {0}."
901,Mirconoft,Microsoft,"Hôm nay, Ninvento đã công bố Ninvento Game Sphere mới, với sản phẩm này, họ sẽ cố gắng cạnh tranh với Playsystem 2 đang dẫn đầu thị trường của Vonny và giải pháp thay thế mạnh mẽ của Mirconoft, mBox. Máy chơi game có hình dạng kỳ lạ này có thông số kỹ thuật phần cứng tương tự như các máy chơi game khác.{n}Game Sphere là máy chơi game đầu tiên của Ninvento có ổ đĩa quang thay vì băng cạc-trít. Tuy nhiên, thay vì sử dụng đĩa CD và DVD kích thước đầy đủ như các đối thủ cạnh tranh, máy chơi game này lại có ổ đĩa mini-DVD. Game Spheres sẽ bắt đầu có mặt tại các cửa hàng {0}."
901,Ninvento,Nintendo,"Hôm nay, Ninvento đã công bố Ninvento Game Sphere mới, với sản phẩm này, họ sẽ cố gắng cạnh tranh với Playsystem 2 đang dẫn đầu thị trường của Vonny và giải pháp thay thế mạnh mẽ của Mirconoft, mBox. Máy chơi game có hình dạng kỳ lạ này có thông số kỹ thuật phần cứng tương tự như các máy chơi game khác.{n}Game Sphere là máy chơi game đầu tiên của Ninvento có ổ đĩa quang thay vì băng cạc-trít. Tuy nhiên, thay vì sử dụng đĩa CD và DVD kích thước đầy đủ như các đối thủ cạnh tranh, máy chơi game này lại có ổ đĩa mini-DVD. Game Spheres sẽ bắt đầu có mặt tại các cửa hàng {0}."
901,Vonny,Sony,"Hôm nay, Ninvento đã công bố Ninvento Game Sphere mới, với sản phẩm này, họ sẽ cố gắng cạnh tranh với Playsystem 2 đang dẫn đầu thị trường của Vonny và giải pháp thay thế mạnh mẽ của Mirconoft, mBox. Máy chơi game có hình dạng kỳ lạ này có thông số kỹ thuật phần cứng tương tự như các máy chơi game khác.{n}Game Sphere là máy chơi game đầu tiên của Ninvento có ổ đĩa quang thay vì băng cạc-trít. Tuy nhiên, thay vì sử dụng đĩa CD và DVD kích thước đầy đủ như các đối thủ cạnh tranh, máy chơi game này lại có ổ đĩa mini-DVD. Game Spheres sẽ bắt đầu có mặt tại các cửa hàng {0}."
901,mBox,Xbox,"Hôm nay, Ninvento đã công bố Ninvento Game Sphere mới, với sản phẩm này, họ sẽ cố gắng cạnh tranh với Playsystem 2 đang dẫn đầu thị trường của Vonny và giải pháp thay thế mạnh mẽ của Mirconoft, mBox. Máy chơi game có hình dạng kỳ lạ này có thông số kỹ thuật phần cứng tương tự như các máy chơi game khác.{n}Game Sphere là máy chơi game đầu tiên của Ninvento có ổ đĩa quang thay vì băng cạc-trít. Tuy nhiên, thay vì sử dụng đĩa CD và DVD kích thước đầy đủ như các đối thủ cạnh tranh, máy chơi game này lại có ổ đĩa mini-DVD. Game Spheres sẽ bắt đầu có mặt tại các cửa hàng {0}."
904,Game Sphere,GameCube,"Tin đồn đang lan rộng rằng Ninvento đang phát triển một hệ máy chơi game mới. Hầu hết các tin đồn đều cho rằng đây không phải là người kế nhiệm của Game Sphere hơi đáng thất vọng mà là một hệ máy mới trên thị trường di động.{n}Gameling của Ninvento đã dẫn đầu thị trường di động nhờ nhiều bản cập nhật và danh sách lớn các trò chơi rất phổ biến có sẵn trên nền tảng này, nhưng phần cứng đang già đi nhanh chóng và nhiều người chơi tự hỏi điều gì sẽ xảy ra tiếp theo."
904,Ninvento,Nintendo,"Tin đồn đang lan rộng rằng Ninvento đang phát triển một hệ máy chơi game mới. Hầu hết các tin đồn đều cho rằng đây không phải là người kế nhiệm của Game Sphere hơi đáng thất vọng mà là một hệ máy mới trên thị trường di động.{n}Gameling của Ninvento đã dẫn đầu thị trường di động nhờ nhiều bản cập nhật và danh sách lớn các trò chơi rất phổ biến có sẵn trên nền tảng này, nhưng phần cứng đang già đi nhanh chóng và nhiều người chơi tự hỏi điều gì sẽ xảy ra tiếp theo."
904,Gameling,Game Boy,"Tin đồn đang lan rộng rằng Ninvento đang phát triển một hệ máy chơi game mới. Hầu hết các tin đồn đều cho rằng đây không phải là người kế nhiệm của Game Sphere hơi đáng thất vọng mà là một hệ máy mới trên thị trường di động.{n}Gameling của Ninvento đã dẫn đầu thị trường di động nhờ nhiều bản cập nhật và danh sách lớn các trò chơi rất phổ biến có sẵn trên nền tảng này, nhưng phần cứng đang già đi nhanh chóng và nhiều người chơi tự hỏi điều gì sẽ xảy ra tiếp theo."
908,Portable Playsystem,Sony PlayStation Portable,"Hôm nay, Vonny đã công bố rằng họ sẽ ra mắt một hệ máy chơi game di động mới có tên là Portable Playsystem, hay viết tắt là PPS, {0}. Các nhà phân tích truyền thông suy đoán rằng thông báo này nhằm đánh lạc hướng người dùng khỏi việc Ninvento ra mắt Ninvento GS.{n}Trong khi Ninvento GS sử dụng màn hình kép cải tiến, PPS lại sử dụng một màn hình duy nhất và sẽ tập trung vào việc cung cấp cho các nhà phát triển quyền truy cập vào phần cứng mạnh mẽ hơn nhiều."
908,Ninvento GS,Nintendo DS,"Hôm nay, Vonny đã công bố rằng họ sẽ ra mắt một hệ máy chơi game di động mới có tên là Portable Playsystem, hay viết tắt là PPS, {0}. Các nhà phân tích truyền thông suy đoán rằng thông báo này nhằm đánh lạc hướng người dùng khỏi việc Ninvento ra mắt Ninvento GS.{n}Trong khi Ninvento GS sử dụng màn hình kép cải tiến, PPS lại sử dụng một màn hình duy nhất và sẽ tập trung vào việc cung cấp cho các nhà phát triển quyền truy cập vào phần cứng mạnh mẽ hơn nhiều."
908,Playsystem,PlayStation,"Hôm nay, Vonny đã công bố rằng họ sẽ ra mắt một hệ máy chơi game di động mới có tên là Portable Playsystem, hay viết tắt là PPS, {0}. Các nhà phân tích truyền thông suy đoán rằng thông báo này nhằm đánh lạc hướng người dùng khỏi việc Ninvento ra mắt Ninvento GS.{n}Trong khi Ninvento GS sử dụng màn hình kép cải tiến, PPS lại sử dụng một màn hình duy nhất và sẽ tập trung vào việc cung cấp cho các nhà phát triển quyền truy cập vào phần cứng mạnh mẽ hơn nhiều."
908,Ninvento,Nintendo,"Hôm nay, Vonny đã công bố rằng họ sẽ ra mắt một hệ máy chơi game di động mới có tên là Portable Playsystem, hay viết tắt là PPS, {0}. Các nhà phân tích truyền thông suy đoán rằng thông báo này nhằm đánh lạc hướng người dùng khỏi việc Ninvento ra mắt Ninvento GS.{n}Trong khi Ninvento GS sử dụng màn hình kép cải tiến, PPS lại sử dụng một màn hình duy nhất và sẽ tập trung vào việc cung cấp cho các nhà phát triển quyền truy cập vào phần cứng mạnh mẽ hơn nhiều."
908,Vonny,Sony,"Hôm nay, Vonny đã công bố rằng họ sẽ ra mắt một hệ máy chơi game di động mới có tên là Portable Playsystem, hay viết tắt là PPS, {0}. Các nhà phân tích truyền thông suy đoán rằng thông báo này nhằm đánh lạc hướng người dùng khỏi việc Ninvento ra mắt Ninvento GS.{n}Trong khi Ninvento GS sử dụng màn hình kép cải tiến, PPS lại sử dụng một màn hình duy nhất và sẽ tập trung vào việc cung cấp cho các nhà phát triển quyền truy cập vào phần cứng mạnh mẽ hơn nhiều."
908,PPS,PSP,"Hôm nay, Vonny đã công bố rằng họ sẽ ra mắt một hệ máy chơi game di động mới có tên là Portable Playsystem, hay viết tắt là PPS, {0}. Các nhà phân tích truyền thông suy đoán rằng thông báo này nhằm đánh lạc hướng người dùng khỏi việc Ninvento ra mắt Ninvento GS.{n}Trong khi Ninvento GS sử dụng màn hình kép cải tiến, PPS lại sử dụng một màn hình duy nhất và sẽ tập trung vào việc cung cấp cho các nhà phát triển quyền truy cập vào phần cứng mạnh mẽ hơn nhiều."
911,Mirconoft,Microsoft,"Các chuyên gia trong ngành dự đoán rằng chúng ta sẽ thấy thế hệ máy chơi game tiếp theo sớm nhất là vào năm tới. 'Những tiến bộ về phần cứng trong ngành công nghiệp PC vẫn chưa được phản ánh trong các máy chơi game và chúng ta có thể kỳ vọng thế hệ tiếp theo sẽ là một bước nhảy vọt thực sự thú vị.'{n}Theo tin đồn, cả Mirconoft và Vonny đều đang chạy đua để giới thiệu hệ máy thế hệ tiếp theo, với Mirconoft dường như đã hợp tác với các đối tác để chuẩn bị các tựa game cho hệ máy được gọi là 'mBox 360.'"
911,mBox 360,Xbox 360,"Các chuyên gia trong ngành dự đoán rằng chúng ta sẽ thấy thế hệ máy chơi game tiếp theo sớm nhất là vào năm tới. 'Những tiến bộ về phần cứng trong ngành công nghiệp PC vẫn chưa được phản ánh trong các máy chơi game và chúng ta có thể kỳ vọng thế hệ tiếp theo sẽ là một bước nhảy vọt thực sự thú vị.'{n}Theo tin đồn, cả Mirconoft và Vonny đều đang chạy đua để giới thiệu hệ máy thế hệ tiếp theo, với Mirconoft dường như đã hợp tác với các đối tác để chuẩn bị các tựa game cho hệ máy được gọi là 'mBox 360.'"
911,Vonny,Sony,"Các chuyên gia trong ngành dự đoán rằng chúng ta sẽ thấy thế hệ máy chơi game tiếp theo sớm nhất là vào năm tới. 'Những tiến bộ về phần cứng trong ngành công nghiệp PC vẫn chưa được phản ánh trong các máy chơi game và chúng ta có thể kỳ vọng thế hệ tiếp theo sẽ là một bước nhảy vọt thực sự thú vị.'{n}Theo tin đồn, cả Mirconoft và Vonny đều đang chạy đua để giới thiệu hệ máy thế hệ tiếp theo, với Mirconoft dường như đã hợp tác với các đối tác để chuẩn bị các tựa game cho hệ máy được gọi là 'mBox 360.'"
911,mBox,Xbox,"Các chuyên gia trong ngành dự đoán rằng chúng ta sẽ thấy thế hệ máy chơi game tiếp theo sớm nhất là vào năm tới. 'Những tiến bộ về phần cứng trong ngành công nghiệp PC vẫn chưa được phản ánh trong các máy chơi game và chúng ta có thể kỳ vọng thế hệ tiếp theo sẽ là một bước nhảy vọt thực sự thú vị.'{n}Theo tin đồn, cả Mirconoft và Vonny đều đang chạy đua để giới thiệu hệ máy thế hệ tiếp theo, với Mirconoft dường như đã hợp tác với các đối tác để chuẩn bị các tựa game cho hệ máy được gọi là 'mBox 360.'"
914,Mirconoft,Microsoft,"Hôm nay, Mirconoft đã giới thiệu hệ máy mới của họ có tên là mBox 360. Đây là hệ máy đầu tiên trong thế hệ máy chơi game được mong đợi tiếp theo, và có phần cứng cạnh tranh với các máy PC tầm trung. Với mức giá mua tương đối rẻ, Mirconoft sẽ bán thiết bị này chịu lỗ như một phần của chiến lược dài hạn nhằm giành thị phần.{n}Các game thủ trên toàn thế giới rất hào hứng với hệ máy mới này và dự đoán rằng mBox 360 sẽ có tác động lớn đến thị trường console."
914,mBox 360,Xbox 360,"Hôm nay, Mirconoft đã giới thiệu hệ máy mới của họ có tên là mBox 360. Đây là hệ máy đầu tiên trong thế hệ máy chơi game được mong đợi tiếp theo, và có phần cứng cạnh tranh với các máy PC tầm trung. Với mức giá mua tương đối rẻ, Mirconoft sẽ bán thiết bị này chịu lỗ như một phần của chiến lược dài hạn nhằm giành thị phần.{n}Các game thủ trên toàn thế giới rất hào hứng với hệ máy mới này và dự đoán rằng mBox 360 sẽ có tác động lớn đến thị trường console."
914,mBox,Xbox,"Hôm nay, Mirconoft đã giới thiệu hệ máy mới của họ có tên là mBox 360. Đây là hệ máy đầu tiên trong thế hệ máy chơi game được mong đợi tiếp theo, và có phần cứng cạnh tranh với các máy PC tầm trung. Với mức giá mua tương đối rẻ, Mirconoft sẽ bán thiết bị này chịu lỗ như một phần của chiến lược dài hạn nhằm giành thị phần.{n}Các game thủ trên toàn thế giới rất hào hứng với hệ máy mới này và dự đoán rằng mBox 360 sẽ có tác động lớn đến thị trường console."
917,Mirconoft,Microsoft,"Hôm nay, Ninvento đã công bố sự tham gia của họ vào thị trường console thế hệ tiếp theo bằng việc công bố Nuu. Thay vì cố gắng cạnh tranh với Mirconoft và Vonny về sức mạnh phần cứng và đồ họa, Ninvento đã quyết định mang đến một trải nghiệm chơi game thực sự độc đáo.{n}Nuu có một bộ điều khiển với cảm biến chuyển động tích hợp, cho phép người chơi đứng trước TV và sử dụng bộ điều khiển như một vật thể ảo tương ứng, chẳng hạn như vợt tennis.{n}Những người chơi thử nghiệm đầu tiên đều nở nụ cười toe toét. Có vẻ như nó rất vui."
917,Ninvento,Nintendo,"Hôm nay, Ninvento đã công bố sự tham gia của họ vào thị trường console thế hệ tiếp theo bằng việc công bố Nuu. Thay vì cố gắng cạnh tranh với Mirconoft và Vonny về sức mạnh phần cứng và đồ họa, Ninvento đã quyết định mang đến một trải nghiệm chơi game thực sự độc đáo.{n}Nuu có một bộ điều khiển với cảm biến chuyển động tích hợp, cho phép người chơi đứng trước TV và sử dụng bộ điều khiển như một vật thể ảo tương ứng, chẳng hạn như vợt tennis.{n}Những người chơi thử nghiệm đầu tiên đều nở nụ cười toe toét. Có vẻ như nó rất vui."
917,Vonny,Sony,"Hôm nay, Ninvento đã công bố sự tham gia của họ vào thị trường console thế hệ tiếp theo bằng việc công bố Nuu. Thay vì cố gắng cạnh tranh với Mirconoft và Vonny về sức mạnh phần cứng và đồ họa, Ninvento đã quyết định mang đến một trải nghiệm chơi game thực sự độc đáo.{n}Nuu có một bộ điều khiển với cảm biến chuyển động tích hợp, cho phép người chơi đứng trước TV và sử dụng bộ điều khiển như một vật thể ảo tương ứng, chẳng hạn như vợt tennis.{n}Những người chơi thử nghiệm đầu tiên đều nở nụ cười toe toét. Có vẻ như nó rất vui."
917,Nuu,Wii,"Hôm nay, Ninvento đã công bố sự tham gia của họ vào thị trường console thế hệ tiếp theo bằng việc công bố Nuu. Thay vì cố gắng cạnh tranh với Mirconoft và Vonny về sức mạnh phần cứng và đồ họa, Ninvento đã quyết định mang đến một trải nghiệm chơi game thực sự độc đáo.{n}Nuu có một bộ điều khiển với cảm biến chuyển động tích hợp, cho phép người chơi đứng trước TV và sử dụng bộ điều khiển như một vật thể ảo tương ứng, chẳng hạn như vợt tennis.{n}Những người chơi thử nghiệm đầu tiên đều nở nụ cười toe toét. Có vẻ như nó rất vui."
921,Playsystem 2,PlayStation 2,"Hôm nay, Vonny đã công bố người kế nhiệm của Playsystem 2 cực kỳ thành công. Hệ máy mới này được dự đoán sẽ có tên là 'Playsystem 3' và đi kèm với cấu hình phần cứng ấn tượng, khiến nó trở thành hệ máy mạnh nhất trong lịch sử game.{n}Hệ máy này cũng có thể đóng vai trò như một đầu phát BlueRay, mà Vonny hy vọng sẽ là người kế nhiệm của định dạng DVD. Tất cả sức mạnh này đi kèm với một mức giá đắt đỏ, cũng khiến Playsystem 3 trở thành hệ máy đắt nhất từ trước đến nay.{n}Chúng ta sẽ xem người tiêu dùng phản ứng thế nào với điều này khi có các lựa chọn thay thế chi phí thấp hơn; tuy nhiên, xét đến thành công vang dội của Playsystem 2, Vonny có thể hy vọng.\nHệ máy dự kiến sẽ được xuất xưởng {0}."
921,Playsystem 3,Sony PlayStation 3,"Hôm nay, Vonny đã công bố người kế nhiệm của Playsystem 2 cực kỳ thành công. Hệ máy mới này được dự đoán sẽ có tên là 'Playsystem 3' và đi kèm với cấu hình phần cứng ấn tượng, khiến nó trở thành hệ máy mạnh nhất trong lịch sử game.{n}Hệ máy này cũng có thể đóng vai trò như một đầu phát BlueRay, mà Vonny hy vọng sẽ là người kế nhiệm của định dạng DVD. Tất cả sức mạnh này đi kèm với một mức giá đắt đỏ, cũng khiến Playsystem 3 trở thành hệ máy đắt nhất từ trước đến nay.{n}Chúng ta sẽ xem người tiêu dùng phản ứng thế nào với điều này khi có các lựa chọn thay thế chi phí thấp hơn; tuy nhiên, xét đến thành công vang dội của Playsystem 2, Vonny có thể hy vọng.\nHệ máy dự kiến sẽ được xuất xưởng {0}."
921,Playsystem,PlayStation,"Hôm nay, Vonny đã công bố người kế nhiệm của Playsystem 2 cực kỳ thành công. Hệ máy mới này được dự đoán sẽ có tên là 'Playsystem 3' và đi kèm với cấu hình phần cứng ấn tượng, khiến nó trở thành hệ máy mạnh nhất trong lịch sử game.{n}Hệ máy này cũng có thể đóng vai trò như một đầu phát BlueRay, mà Vonny hy vọng sẽ là người kế nhiệm của định dạng DVD. Tất cả sức mạnh này đi kèm với một mức giá đắt đỏ, cũng khiến Playsystem 3 trở thành hệ máy đắt nhất từ trước đến nay.{n}Chúng ta sẽ xem người tiêu dùng phản ứng thế nào với điều này khi có các lựa chọn thay thế chi phí thấp hơn; tuy nhiên, xét đến thành công vang dội của Playsystem 2, Vonny có thể hy vọng.\nHệ máy dự kiến sẽ được xuất xưởng {0}."
921,Vonny,Sony,"Hôm nay, Vonny đã công bố người kế nhiệm của Playsystem 2 cực kỳ thành công. Hệ máy mới này được dự đoán sẽ có tên là 'Playsystem 3' và đi kèm với cấu hình phần cứng ấn tượng, khiến nó trở thành hệ máy mạnh nhất trong lịch sử game.{n}Hệ máy này cũng có thể đóng vai trò như một đầu phát BlueRay, mà Vonny hy vọng sẽ là người kế nhiệm của định dạng DVD. Tất cả sức mạnh này đi kèm với một mức giá đắt đỏ, cũng khiến Playsystem 3 trở thành hệ máy đắt nhất từ trước đến nay.{n}Chúng ta sẽ xem người tiêu dùng phản ứng thế nào với điều này khi có các lựa chọn thay thế chi phí thấp hơn; tuy nhiên, xét đến thành công vang dội của Playsystem 2, Vonny có thể hy vọng.\nHệ máy dự kiến sẽ được xuất xưởng {0}."
925,Playsystem 3,Sony PlayStation 3,"Trong một động thái mà một số người gọi là sự kiêu ngạo kỳ quái, đại diện của Vonny đã nói xấu mBox 360 thành công của Mirconoft trong khi ca ngợi Playsystem 3 sắp ra mắt của chính họ trước thềm buổi ra mắt {0}.{n}Khi được hỏi về mức giá cao bất thường của Playsystem 3, một quan chức cấp cao của công ty đã trả lời: 'Mọi người sẽ làm việc nhiều giờ hơn để mua một chiếc. Chúng tôi muốn mọi người cảm thấy rằng họ muốn nó hơn bất cứ thứ gì khác.'.{n}Chúng tôi không chắc liệu người chơi có thực sự muốn nó đến vậy không, vì cho đến nay, chưa có tựa game lớn nào được công bố cho Playsystem 3. Có thể sẽ mất một thời gian trước khi các nhà phát triển có thể tận dụng tối đa sức mạnh của hệ máy mới này."
925,Playsystem,PlayStation,"Trong một động thái mà một số người gọi là sự kiêu ngạo kỳ quái, đại diện của Vonny đã nói xấu mBox 360 thành công của Mirconoft trong khi ca ngợi Playsystem 3 sắp ra mắt của chính họ trước thềm buổi ra mắt {0}.{n}Khi được hỏi về mức giá cao bất thường của Playsystem 3, một quan chức cấp cao của công ty đã trả lời: 'Mọi người sẽ làm việc nhiều giờ hơn để mua một chiếc. Chúng tôi muốn mọi người cảm thấy rằng họ muốn nó hơn bất cứ thứ gì khác.'.{n}Chúng tôi không chắc liệu người chơi có thực sự muốn nó đến vậy không, vì cho đến nay, chưa có tựa game lớn nào được công bố cho Playsystem 3. Có thể sẽ mất một thời gian trước khi các nhà phát triển có thể tận dụng tối đa sức mạnh của hệ máy mới này."
925,Mirconoft,Microsoft,"Trong một động thái mà một số người gọi là sự kiêu ngạo kỳ quái, đại diện của Vonny đã nói xấu mBox 360 thành công của Mirconoft trong khi ca ngợi Playsystem 3 sắp ra mắt của chính họ trước thềm buổi ra mắt {0}.{n}Khi được hỏi về mức giá cao bất thường của Playsystem 3, một quan chức cấp cao của công ty đã trả lời: 'Mọi người sẽ làm việc nhiều giờ hơn để mua một chiếc. Chúng tôi muốn mọi người cảm thấy rằng họ muốn nó hơn bất cứ thứ gì khác.'.{n}Chúng tôi không chắc liệu người chơi có thực sự muốn nó đến vậy không, vì cho đến nay, chưa có tựa game lớn nào được công bố cho Playsystem 3. Có thể sẽ mất một thời gian trước khi các nhà phát triển có thể tận dụng tối đa sức mạnh của hệ máy mới này."
925,mBox 360,Xbox 360,"Trong một động thái mà một số người gọi là sự kiêu ngạo kỳ quái, đại diện của Vonny đã nói xấu mBox 360 thành công của Mirconoft trong khi ca ngợi Playsystem 3 sắp ra mắt của chính họ trước thềm buổi ra mắt {0}.{n}Khi được hỏi về mức giá cao bất thường của Playsystem 3, một quan chức cấp cao của công ty đã trả lời: 'Mọi người sẽ làm việc nhiều giờ hơn để mua một chiếc. Chúng tôi muốn mọi người cảm thấy rằng họ muốn nó hơn bất cứ thứ gì khác.'.{n}Chúng tôi không chắc liệu người chơi có thực sự muốn nó đến vậy không, vì cho đến nay, chưa có tựa game lớn nào được công bố cho Playsystem 3. Có thể sẽ mất một thời gian trước khi các nhà phát triển có thể tận dụng tối đa sức mạnh của hệ máy mới này."
925,Vonny,Sony,"Trong một động thái mà một số người gọi là sự kiêu ngạo kỳ quái, đại diện của Vonny đã nói xấu mBox 360 thành công của Mirconoft trong khi ca ngợi Playsystem 3 sắp ra mắt của chính họ trước thềm buổi ra mắt {0}.{n}Khi được hỏi về mức giá cao bất thường của Playsystem 3, một quan chức cấp cao của công ty đã trả lời: 'Mọi người sẽ làm việc nhiều giờ hơn để mua một chiếc. Chúng tôi muốn mọi người cảm thấy rằng họ muốn nó hơn bất cứ thứ gì khác.'.{n}Chúng tôi không chắc liệu người chơi có thực sự muốn nó đến vậy không, vì cho đến nay, chưa có tựa game lớn nào được công bố cho Playsystem 3. Có thể sẽ mất một thời gian trước khi các nhà phát triển có thể tận dụng tối đa sức mạnh của hệ máy mới này."
925,mBox,Xbox,"Trong một động thái mà một số người gọi là sự kiêu ngạo kỳ quái, đại diện của Vonny đã nói xấu mBox 360 thành công của Mirconoft trong khi ca ngợi Playsystem 3 sắp ra mắt của chính họ trước thềm buổi ra mắt {0}.{n}Khi được hỏi về mức giá cao bất thường của Playsystem 3, một quan chức cấp cao của công ty đã trả lời: 'Mọi người sẽ làm việc nhiều giờ hơn để mua một chiếc. Chúng tôi muốn mọi người cảm thấy rằng họ muốn nó hơn bất cứ thứ gì khác.'.{n}Chúng tôi không chắc liệu người chơi có thực sự muốn nó đến vậy không, vì cho đến nay, chưa có tựa game lớn nào được công bố cho Playsystem 3. Có thể sẽ mất một thời gian trước khi các nhà phát triển có thể tận dụng tối đa sức mạnh của hệ máy mới này."
929,Grapple,Apple,"Hôm nay, Grapple, một công ty nổi tiếng với vai trò của họ trong ngành công nghiệp PC thời kỳ đầu và gần đây hơn là máy nghe nhạc di động grPod, đã thông báo rằng họ sẽ sớm phát hành một chiếc điện thoại di động mới mạnh mẽ. Chiếc điện thoại này có màn hình cảm ứng và sở hữu một CPU mạnh mẽ đáng ngạc nhiên.{n}Chipset đồ họa tích hợp cũng cho phép điện thoại chạy game và vì điện thoại đi kèm với nền tảng phân phối ứng dụng riêng, nó có thể trở thành một thiết bị tuyệt vời cho game di động. grPhone sẽ có mặt trên thị trường {0}."
929,grPhone,iPhone,"Hôm nay, Grapple, một công ty nổi tiếng với vai trò của họ trong ngành công nghiệp PC thời kỳ đầu và gần đây hơn là máy nghe nhạc di động grPod, đã thông báo rằng họ sẽ sớm phát hành một chiếc điện thoại di động mới mạnh mẽ. Chiếc điện thoại này có màn hình cảm ứng và sở hữu một CPU mạnh mẽ đáng ngạc nhiên.{n}Chipset đồ họa tích hợp cũng cho phép điện thoại chạy game và vì điện thoại đi kèm với nền tảng phân phối ứng dụng riêng, nó có thể trở thành một thiết bị tuyệt vời cho game di động. grPhone sẽ có mặt trên thị trường {0}."
932,Grapple,Apple,"Hôm nay, Grapple, công ty chịu trách nhiệm cho chiếc grPhone cực kỳ thành công, đã công bố kế hoạch phát hành một thiết bị máy tính bảng có tên là grPad. Máy tính bảng không phải là một ý tưởng mới trong ngành công nghiệp máy tính nhưng những nỗ lực trước đó dường như chưa bao giờ thành công. Nhiều người kỳ vọng grPad sẽ hoạt động rất tốt."
932,grPhone,iPhone,"Hôm nay, Grapple, công ty chịu trách nhiệm cho chiếc grPhone cực kỳ thành công, đã công bố kế hoạch phát hành một thiết bị máy tính bảng có tên là grPad. Máy tính bảng không phải là một ý tưởng mới trong ngành công nghiệp máy tính nhưng những nỗ lực trước đó dường như chưa bao giờ thành công. Nhiều người kỳ vọng grPad sẽ hoạt động rất tốt."
932,grPad,iPad,"Hôm nay, Grapple, công ty chịu trách nhiệm cho chiếc grPhone cực kỳ thành công, đã công bố kế hoạch phát hành một thiết bị máy tính bảng có tên là grPad. Máy tính bảng không phải là một ý tưởng mới trong ngành công nghiệp máy tính nhưng những nỗ lực trước đó dường như chưa bao giờ thành công. Nhiều người kỳ vọng grPad sẽ hoạt động rất tốt."
935,Grapple,Apple,"mPad đã nhận được nhiều đánh giá trái chiều khi ra mắt, nhiều trong số đó nhấn mạnh thực tế rằng mPad thực sự không giống với grPad của Grapple. Chúng ta sẽ xem tương lai sẽ ra sao với nền tảng này."
935,grPad,iPad,"mPad đã nhận được nhiều đánh giá trái chiều khi ra mắt, nhiều trong số đó nhấn mạnh thực tế rằng mPad thực sự không giống với grPad của Grapple. Chúng ta sẽ xem tương lai sẽ ra sao với nền tảng này."
935,mPad,Microsoft Surface,"mPad đã nhận được nhiều đánh giá trái chiều khi ra mắt, nhiều trong số đó nhấn mạnh thực tế rằng mPad thực sự không giống với grPad của Grapple. Chúng ta sẽ xem tương lai sẽ ra sao với nền tảng này."
939,Mirconoft,Microsoft,"Đối với những người hâm mộ mBox, sự chờ đợi một bản cập nhật cho hệ máy này sẽ sớm kết thúc khi Mirconoft đã thông báo rằng mBox Next sẽ có mặt {0}."
939,mBox Next,Xbox Series X/S,"Đối với những người hâm mộ mBox, sự chờ đợi một bản cập nhật cho hệ máy này sẽ sớm kết thúc khi Mirconoft đã thông báo rằng mBox Next sẽ có mặt {0}."
939,mBox,Xbox,"Đối với những người hâm mộ mBox, sự chờ đợi một bản cập nhật cho hệ máy này sẽ sớm kết thúc khi Mirconoft đã thông báo rằng mBox Next sẽ có mặt {0}."
942,Mirconoft,Microsoft," Mirconoft đã mất một phần đáng kể thị phần kể từ khi {0} phát hành hệ máy {1} của họ.{n}"
945,Mirconoft,Microsoft,"Hệ máy mới dường như tích hợp một cách thông minh cảm biến chuyển động bổ trợ của Mirconoft cho mBox vào một gói nhỏ gọn. Sức mạnh của phần cứng có vẻ đáp ứng được kỳ vọng."
945,mBox,Xbox,"Hệ máy mới dường như tích hợp một cách thông minh cảm biến chuyển động bổ trợ của Mirconoft cho mBox vào một gói nhỏ gọn. Sức mạnh của phần cứng có vẻ đáp ứng được kỳ vọng."
1156,G3,E3,"Kính gửi {0},\nChúng tôi đã theo dõi sự tiến bộ của bạn trong những năm gần đây và muốn gửi lời mời chính thức này để bạn tham gia hội nghị game lớn nhất hành tinh 'Games, Games, Games' còn được gọi là G3.{n}Bằng cách có gian hàng công ty của riêng bạn tại G3, bạn có thể thu hút rất nhiều người hâm mộ và tạo sự chú ý cho các trò chơi của mình và chúng tôi nghĩ rằng khán giả của chúng tôi sẽ rất muốn gặp bạn ở đó.\nChúng tôi sẽ liên hệ với bạn hàng năm về các lựa chọn gian hàng. Mong sớm gặp lại bạn tại G3.\nỦy ban G3."
1272,Mirconoft BOSS,Microsoft MS-DOS,"Cài đặt Mirconoft BOSS trên máy tính"
1272,Mirconoft,Microsoft,"Cài đặt Mirconoft BOSS trên máy tính"
1706,Grid,Steam,"Mật danh: Grid"
1712,Grid,Steam,"Sếp ơi, xong rồi và nó đã hoạt động! Grid là tên của nền tảng phân phối dựa trên internet của riêng chúng ta."
1721,Grid,Steam,"Grid sẽ tạo ra thu nhập hàng tháng, điều này sẽ thúc đẩy khả năng của chúng ta trong việc tạo ra các trò chơi mới và phát triển các dự án mới."
1760,Playsystem,PlayStation,"Nghiên cứu của chúng tôi đã hoàn tất. Chắc chắn có một cơ hội lớn phía trước. Nếu chúng tôi tạo ra phòng thí nghiệm phần cứng của riêng mình và có các chuyên gia công nghệ phù hợp để vận hành nó thì chúng tôi thậm chí có thể tạo ra hệ máy chơi game của riêng mình!{n}Sẽ không rẻ và có lẽ sẽ mất vài năm nhưng có thể chúng tôi thậm chí còn vượt qua cả những cái tên như mBox hay Playsystem!"
1760,mBox,Xbox,"Nghiên cứu của chúng tôi đã hoàn tất. Chắc chắn có một cơ hội lớn phía trước. Nếu chúng tôi tạo ra phòng thí nghiệm phần cứng của riêng mình và có các chuyên gia công nghệ phù hợp để vận hành nó thì chúng tôi thậm chí có thể tạo ra hệ máy chơi game của riêng mình!{n}Sẽ không rẻ và có lẽ sẽ mất vài năm nhưng có thể chúng tôi thậm chí còn vượt qua cả những cái tên như mBox hay Playsystem!"
2519,G3,E3,"Cúp Pixel G3"
2522,G3,E3,"G3 Code Jam"
2525,G3,E3,"G3 Game Jam"
2528,G3,E3,"Thử thách Thời gian G3"
2531,G3,E3,"Thử thách Sáng tạo G3"
2856,G3,E3,"Đây là một gian hàng nhỏ dạng pop-up nơi chúng ta có thể trưng bày tài liệu marketing của mình. Nó không ấn tượng lắm nhưng là một kiểu thiết lập phổ biến tại G3."
2870,G3,E3,"Với gói này, chúng ta sẽ có khu vực riêng trong sảnh chính của G3. Chúng ta có thể mong đợi một lượng lớn khách tham quan."
3012,G3,E3,"Hội chợ Game: G3"
4166,Playsystem 2,PlayStation 2,"Mirconoft đã thông báo trì hoãn hệ máy chơi game mới của họ, mBox. Ngày phát hành mới là '{0}'. Có tin đồn rằng thành công đáng kinh ngạc của việc ra mắt Playsystem 2 đã khiến Mirconoft trì hoãn việc ra mắt sản phẩm của riêng mình."
4166,Playsystem,PlayStation,"Mirconoft đã thông báo trì hoãn hệ máy chơi game mới của họ, mBox. Ngày phát hành mới là '{0}'. Có tin đồn rằng thành công đáng kinh ngạc của việc ra mắt Playsystem 2 đã khiến Mirconoft trì hoãn việc ra mắt sản phẩm của riêng mình."
4166,Mirconoft,Microsoft,"Mirconoft đã thông báo trì hoãn hệ máy chơi game mới của họ, mBox. Ngày phát hành mới là '{0}'. Có tin đồn rằng thành công đáng kinh ngạc của việc ra mắt Playsystem 2 đã khiến Mirconoft trì hoãn việc ra mắt sản phẩm của riêng mình."
4166,mBox,Xbox,"Mirconoft đã thông báo trì hoãn hệ máy chơi game mới của họ, mBox. Ngày phát hành mới là '{0}'. Có tin đồn rằng thành công đáng kinh ngạc của việc ra mắt Playsystem 2 đã khiến Mirconoft trì hoãn việc ra mắt sản phẩm của riêng mình."
4170,Ninvento GS,Nintendo DS,"Hôm nay, Ninvento đã công bố một hệ máy di động mới có tên là Ninvento GS. Nó có hai màn hình, một trong số đó có cảm ứng, và hứa hẹn lối chơi độc đáo. Mặc dù Ninvento đã phải vật lộn để giành lại vị trí dẫn đầu thị trường kể từ TES 64, họ vẫn có một vị thế rất mạnh trên thị trường di động.{n}Ninvento GS hứa hẹn sẽ củng cố vị thế này và nhằm mục đích thổi luồng sinh khí mới vào thị trường di động đang trì trệ. Hệ máy này sẽ có mặt tại các cửa hàng {0}."
4170,Ninvento,Nintendo,"Hôm nay, Ninvento đã công bố một hệ máy di động mới có tên là Ninvento GS. Nó có hai màn hình, một trong số đó có cảm ứng, và hứa hẹn lối chơi độc đáo. Mặc dù Ninvento đã phải vật lộn để giành lại vị trí dẫn đầu thị trường kể từ TES 64, họ vẫn có một vị thế rất mạnh trên thị trường di động.{n}Ninvento GS hứa hẹn sẽ củng cố vị thế này và nhằm mục đích thổi luồng sinh khí mới vào thị trường di động đang trì trệ. Hệ máy này sẽ có mặt tại các cửa hàng {0}."
4170,TES 64,NES 64,"Hôm nay, Ninvento đã công bố một hệ máy di động mới có tên là Ninvento GS. Nó có hai màn hình, một trong số đó có cảm ứng, và hứa hẹn lối chơi độc đáo. Mặc dù Ninvento đã phải vật lộn để giành lại vị trí dẫn đầu thị trường kể từ TES 64, họ vẫn có một vị thế rất mạnh trên thị trường di động.{n}Ninvento GS hứa hẹn sẽ củng cố vị thế này và nhằm mục đích thổi luồng sinh khí mới vào thị trường di động đang trì trệ. Hệ máy này sẽ có mặt tại các cửa hàng {0}."
4170,TES,NES,"Hôm nay, Ninvento đã công bố một hệ máy di động mới có tên là Ninvento GS. Nó có hai màn hình, một trong số đó có cảm ứng, và hứa hẹn lối chơi độc đáo. Mặc dù Ninvento đã phải vật lộn để giành lại vị trí dẫn đầu thị trường kể từ TES 64, họ vẫn có một vị thế rất mạnh trên thị trường di động.{n}Ninvento GS hứa hẹn sẽ củng cố vị thế này và nhằm mục đích thổi luồng sinh khí mới vào thị trường di động đang trì trệ. Hệ máy này sẽ có mặt tại các cửa hàng {0}."
4174,Mirconoft,Microsoft,"Hôm nay, Mirconoft đã công bố thiết bị máy tính bảng của riêng họ để cạnh tranh với thị phần khổng lồ của thiết bị grPad của Grapple. mPad có một vỏ bọc tinh xảo đi kèm với bàn phím siêu mỏng tích hợp. Bản thân máy tính bảng có màn hình rộng và chân đế tích hợp.{n}mPad dường như là sự kết hợp giữa máy tính xách tay truyền thống và máy tính bảng, và hứa hẹn sẽ làm rung chuyển thị trường. Sản phẩm mới sẽ có mặt trên thị trường {0}."
4174,Grapple,Apple,"Hôm nay, Mirconoft đã công bố thiết bị máy tính bảng của riêng họ để cạnh tranh với thị phần khổng lồ của thiết bị grPad của Grapple. mPad có một vỏ bọc tinh xảo đi kèm với bàn phím siêu mỏng tích hợp. Bản thân máy tính bảng có màn hình rộng và chân đế tích hợp.{n}mPad dường như là sự kết hợp giữa máy tính xách tay truyền thống và máy tính bảng, và hứa hẹn sẽ làm rung chuyển thị trường. Sản phẩm mới sẽ có mặt trên thị trường {0}."
4174,grPad,iPad,"Hôm nay, Mirconoft đã công bố thiết bị máy tính bảng của riêng họ để cạnh tranh với thị phần khổng lồ của thiết bị grPad của Grapple. mPad có một vỏ bọc tinh xảo đi kèm với bàn phím siêu mỏng tích hợp. Bản thân máy tính bảng có màn hình rộng và chân đế tích hợp.{n}mPad dường như là sự kết hợp giữa máy tính xách tay truyền thống và máy tính bảng, và hứa hẹn sẽ làm rung chuyển thị trường. Sản phẩm mới sẽ có mặt trên thị trường {0}."
4174,mPad,Microsoft Surface,"Hôm nay, Mirconoft đã công bố thiết bị máy tính bảng của riêng họ để cạnh tranh với thị phần khổng lồ của thiết bị grPad của Grapple. mPad có một vỏ bọc tinh xảo đi kèm với bàn phím siêu mỏng tích hợp. Bản thân máy tính bảng có màn hình rộng và chân đế tích hợp.{n}mPad dường như là sự kết hợp giữa máy tính xách tay truyền thống và máy tính bảng, và hứa hẹn sẽ làm rung chuyển thị trường. Sản phẩm mới sẽ có mặt trên thị trường {0}."
4178,Mirconoft,Microsoft,"Đối với những người hâm mộ mBox, sự chờ đợi một bản cập nhật cho hệ máy này sẽ sớm kết thúc khi Mirconoft đã thông báo rằng mBox One sẽ có mặt {0}."
4178,mBox One,Xbox One,"Đối với những người hâm mộ mBox, sự chờ đợi một bản cập nhật cho hệ máy này sẽ sớm kết thúc khi Mirconoft đã thông báo rằng mBox One sẽ có mặt {0}."
4178,mBox,Xbox,"Đối với những người hâm mộ mBox, sự chờ đợi một bản cập nhật cho hệ máy này sẽ sớm kết thúc khi Mirconoft đã thông báo rằng mBox One sẽ có mặt {0}."
4181,Mirconoft,Microsoft,"Hệ máy mới được tiếp thị như một nền tảng giải trí hợp nhất và đi kèm với điều khiển bằng giọng nói và một camera luôn theo dõi để cho phép điều khiển bằng cử chỉ. Một camera luôn bật không phải là tính năng gây tranh cãi duy nhất vì hệ máy mới này dường như cũng yêu cầu truy cập internet ít nhất một lần một ngày để hoạt động bình thường, không hỗ trợ các trò chơi mBox trước đó và dường như đặt ra những hạn chế về cách chia sẻ hoặc bán lại trò chơi.{n}Rõ ràng, Mirconoft muốn thúc đẩy hiện trạng và mang đến một hệ máy cho một tương lai mới của ngành game nhưng chúng tôi không chắc liệu người chơi có chia sẻ tầm nhìn của Mirconoft hay không."
4181,mBox,Xbox,"Hệ máy mới được tiếp thị như một nền tảng giải trí hợp nhất và đi kèm với điều khiển bằng giọng nói và một camera luôn theo dõi để cho phép điều khiển bằng cử chỉ. Một camera luôn bật không phải là tính năng gây tranh cãi duy nhất vì hệ máy mới này dường như cũng yêu cầu truy cập internet ít nhất một lần một ngày để hoạt động bình thường, không hỗ trợ các trò chơi mBox trước đó và dường như đặt ra những hạn chế về cách chia sẻ hoặc bán lại trò chơi.{n}Rõ ràng, Mirconoft muốn thúc đẩy hiện trạng và mang đến một hệ máy cho một tương lai mới của ngành game nhưng chúng tôi không chắc liệu người chơi có chia sẻ tầm nhìn của Mirconoft hay không."
4185,Playsystem 3,Sony PlayStation 3,"Ngay sau khi Mirconoft công bố sản phẩm mới của họ trong thế hệ console sắp tới, Vonny đã thông báo rằng họ sẽ phát hành hệ máy mới được chờ đợi từ lâu, Playsystem 4, {0}. Hệ máy này dường như làm được mọi thứ mà Playsystem 3 đã làm, chỉ có điều tốt hơn.{n}Không giống như mBox One, Playsystem 4 không yêu cầu kết nối trực tuyến liên tục và có vẻ thân thiện với người chơi hơn nhiều. Chúng tôi nghĩ rằng khó có nguy cơ người hâm mộ Vonny sẽ thất vọng"
4185,Playsystem 4,Sony PlayStation 4,"Ngay sau khi Mirconoft công bố sản phẩm mới của họ trong thế hệ console sắp tới, Vonny đã thông báo rằng họ sẽ phát hành hệ máy mới được chờ đợi từ lâu, Playsystem 4, {0}. Hệ máy này dường như làm được mọi thứ mà Playsystem 3 đã làm, chỉ có điều tốt hơn.{n}Không giống như mBox One, Playsystem 4 không yêu cầu kết nối trực tuyến liên tục và có vẻ thân thiện với người chơi hơn nhiều. Chúng tôi nghĩ rằng khó có nguy cơ người hâm mộ Vonny sẽ thất vọng"
4185,Playsystem,PlayStation,"Ngay sau khi Mirconoft công bố sản phẩm mới của họ trong thế hệ console sắp tới, Vonny đã thông báo rằng họ sẽ phát hành hệ máy mới được chờ đợi từ lâu, Playsystem 4, {0}. Hệ máy này dường như làm được mọi thứ mà Playsystem 3 đã làm, chỉ có điều tốt hơn.{n}Không giống như mBox One, Playsystem 4 không yêu cầu kết nối trực tuyến liên tục và có vẻ thân thiện với người chơi hơn nhiều. Chúng tôi nghĩ rằng khó có nguy cơ người hâm mộ Vonny sẽ thất vọng"
4185,Mirconoft,Microsoft,"Ngay sau khi Mirconoft công bố sản phẩm mới của họ trong thế hệ console sắp tới, Vonny đã thông báo rằng họ sẽ phát hành hệ máy mới được chờ đợi từ lâu, Playsystem 4, {0}. Hệ máy này dường như làm được mọi thứ mà Playsystem 3 đã làm, chỉ có điều tốt hơn.{n}Không giống như mBox One, Playsystem 4 không yêu cầu kết nối trực tuyến liên tục và có vẻ thân thiện với người chơi hơn nhiều. Chúng tôi nghĩ rằng khó có nguy cơ người hâm mộ Vonny sẽ thất vọng"
4185,mBox One,Xbox One,"Ngay sau khi Mirconoft công bố sản phẩm mới của họ trong thế hệ console sắp tới, Vonny đã thông báo rằng họ sẽ phát hành hệ máy mới được chờ đợi từ lâu, Playsystem 4, {0}. Hệ máy này dường như làm được mọi thứ mà Playsystem 3 đã làm, chỉ có điều tốt hơn.{n}Không giống như mBox One, Playsystem 4 không yêu cầu kết nối trực tuyến liên tục và có vẻ thân thiện với người chơi hơn nhiều. Chúng tôi nghĩ rằng khó có nguy cơ người hâm mộ Vonny sẽ thất vọng"
4185,Vonny,Sony,"Ngay sau khi Mirconoft công bố sản phẩm mới của họ trong thế hệ console sắp tới, Vonny đã thông báo rằng họ sẽ phát hành hệ máy mới được chờ đợi từ lâu, Playsystem 4, {0}. Hệ máy này dường như làm được mọi thứ mà Playsystem 3 đã làm, chỉ có điều tốt hơn.{n}Không giống như mBox One, Playsystem 4 không yêu cầu kết nối trực tuyến liên tục và có vẻ thân thiện với người chơi hơn nhiều. Chúng tôi nghĩ rằng khó có nguy cơ người hâm mộ Vonny sẽ thất vọng"
4185,mBox,Xbox,"Ngay sau khi Mirconoft công bố sản phẩm mới của họ trong thế hệ console sắp tới, Vonny đã thông báo rằng họ sẽ phát hành hệ máy mới được chờ đợi từ lâu, Playsystem 4, {0}. Hệ máy này dường như làm được mọi thứ mà Playsystem 3 đã làm, chỉ có điều tốt hơn.{n}Không giống như mBox One, Playsystem 4 không yêu cầu kết nối trực tuyến liên tục và có vẻ thân thiện với người chơi hơn nhiều. Chúng tôi nghĩ rằng khó có nguy cơ người hâm mộ Vonny sẽ thất vọng"
4188,Vonny,Sony,"Vonny và {0}"
4191,Visorius,Oculus Rift,"Một công ty có tên RiseVR đã phát triển một bộ kính thực tế ảo hứa hẹn cuối cùng sẽ mở ra con đường hướng tới sự đắm chìm 3D thực sự. Bộ kính mới có tên Visorius trông giống như một cặp kính trượt tuyết khổng lồ và cung cấp một trường nhìn rộng cũng như theo dõi chuyển động gần như hoàn hảo."
4191,RiseVR,Oculus,"Một công ty có tên RiseVR đã phát triển một bộ kính thực tế ảo hứa hẹn cuối cùng sẽ mở ra con đường hướng tới sự đắm chìm 3D thực sự. Bộ kính mới có tên Visorius trông giống như một cặp kính trượt tuyết khổng lồ và cung cấp một trường nhìn rộng cũng như theo dõi chuyển động gần như hoàn hảo."
4195,Mirconoft,Microsoft,"Mirconoft đã công bố kế hoạch phát hành một phiên bản hoàn toàn mới của mBox {0} có tên là mBox Next. Hệ máy mới dường như tích hợp một cách thông minh cảm biến chuyển động bổ trợ của Mirconoft cho mBox One vào một gói nhỏ gọn.{n}Về mặt hình ảnh, mBox Next gợi nhớ đến mBox 360 trước đó với tông màu sáng hơn nhiều, đánh dấu sự khác biệt so với phong cách cồng kềnh và tối tăm của mBox One. Công nghệ của mBox Next có vẻ hứa hẹn  "
4195,mBox Next,Xbox Series X/S,"Mirconoft đã công bố kế hoạch phát hành một phiên bản hoàn toàn mới của mBox {0} có tên là mBox Next. Hệ máy mới dường như tích hợp một cách thông minh cảm biến chuyển động bổ trợ của Mirconoft cho mBox One vào một gói nhỏ gọn.{n}Về mặt hình ảnh, mBox Next gợi nhớ đến mBox 360 trước đó với tông màu sáng hơn nhiều, đánh dấu sự khác biệt so với phong cách cồng kềnh và tối tăm của mBox One. Công nghệ của mBox Next có vẻ hứa hẹn  "
4195,mBox 360,Xbox 360,"Mirconoft đã công bố kế hoạch phát hành một phiên bản hoàn toàn mới của mBox {0} có tên là mBox Next. Hệ máy mới dường như tích hợp một cách thông minh cảm biến chuyển động bổ trợ của Mirconoft cho mBox One vào một gói nhỏ gọn.{n}Về mặt hình ảnh, mBox Next gợi nhớ đến mBox 360 trước đó với tông màu sáng hơn nhiều, đánh dấu sự khác biệt so với phong cách cồng kềnh và tối tăm của mBox One. Công nghệ của mBox Next có vẻ hứa hẹn  "
4195,mBox One,Xbox One,"Mirconoft đã công bố kế hoạch phát hành một phiên bản hoàn toàn mới của mBox {0} có tên là mBox Next. Hệ máy mới dường như tích hợp một cách thông minh cảm biến chuyển động bổ trợ của Mirconoft cho mBox One vào một gói nhỏ gọn.{n}Về mặt hình ảnh, mBox Next gợi nhớ đến mBox 360 trước đó với tông màu sáng hơn nhiều, đánh dấu sự khác biệt so với phong cách cồng kềnh và tối tăm của mBox One. Công nghệ của mBox Next có vẻ hứa hẹn  "
4195,mBox,Xbox,"Mirconoft đã công bố kế hoạch phát hành một phiên bản hoàn toàn mới của mBox {0} có tên là mBox Next. Hệ máy mới dường như tích hợp một cách thông minh cảm biến chuyển động bổ trợ của Mirconoft cho mBox One vào một gói nhỏ gọn.{n}Về mặt hình ảnh, mBox Next gợi nhớ đến mBox 360 trước đó với tông màu sáng hơn nhiều, đánh dấu sự khác biệt so với phong cách cồng kềnh và tối tăm của mBox One. Công nghệ của mBox Next có vẻ hứa hẹn  "
4199,Playsystem 3,Sony PlayStation 3,"Nhiều người đã kỳ vọng rằng Vonny sẽ công bố một nền tảng mới trước khi mBox Next của Mirconoft có mặt trên thị trường và hôm nay, Vonny đã làm đúng như vậy. Giữ vững truyền thống của công ty, và trái ngược với cách đặt tên của đối thủ Mirconoft, hệ máy mới được công bố có tên rất phù hợp là Playsystem 5.{n}Playsystem 5 dường như là một bản cập nhật gia tăng, ra mắt {0} với kiểu dáng gợi nhớ đến Playsystem 3 đời đầu. Hệ thống mới hứa hẹn sẽ là một bản cập nhật vững chắc"
4199,Playsystem 5,Sony PlayStation 5,"Nhiều người đã kỳ vọng rằng Vonny sẽ công bố một nền tảng mới trước khi mBox Next của Mirconoft có mặt trên thị trường và hôm nay, Vonny đã làm đúng như vậy. Giữ vững truyền thống của công ty, và trái ngược với cách đặt tên của đối thủ Mirconoft, hệ máy mới được công bố có tên rất phù hợp là Playsystem 5.{n}Playsystem 5 dường như là một bản cập nhật gia tăng, ra mắt {0} với kiểu dáng gợi nhớ đến Playsystem 3 đời đầu. Hệ thống mới hứa hẹn sẽ là một bản cập nhật vững chắc"
4199,Playsystem,PlayStation,"Nhiều người đã kỳ vọng rằng Vonny sẽ công bố một nền tảng mới trước khi mBox Next của Mirconoft có mặt trên thị trường và hôm nay, Vonny đã làm đúng như vậy. Giữ vững truyền thống của công ty, và trái ngược với cách đặt tên của đối thủ Mirconoft, hệ máy mới được công bố có tên rất phù hợp là Playsystem 5.{n}Playsystem 5 dường như là một bản cập nhật gia tăng, ra mắt {0} với kiểu dáng gợi nhớ đến Playsystem 3 đời đầu. Hệ thống mới hứa hẹn sẽ là một bản cập nhật vững chắc"
4199,Mirconoft,Microsoft,"Nhiều người đã kỳ vọng rằng Vonny sẽ công bố một nền tảng mới trước khi mBox Next của Mirconoft có mặt trên thị trường và hôm nay, Vonny đã làm đúng như vậy. Giữ vững truyền thống của công ty, và trái ngược với cách đặt tên của đối thủ Mirconoft, hệ máy mới được công bố có tên rất phù hợp là Playsystem 5.{n}Playsystem 5 dường như là một bản cập nhật gia tăng, ra mắt {0} với kiểu dáng gợi nhớ đến Playsystem 3 đời đầu. Hệ thống mới hứa hẹn sẽ là một bản cập nhật vững chắc"
4199,mBox Next,Xbox Series X/S,"Nhiều người đã kỳ vọng rằng Vonny sẽ công bố một nền tảng mới trước khi mBox Next của Mirconoft có mặt trên thị trường và hôm nay, Vonny đã làm đúng như vậy. Giữ vững truyền thống của công ty, và trái ngược với cách đặt tên của đối thủ Mirconoft, hệ máy mới được công bố có tên rất phù hợp là Playsystem 5.{n}Playsystem 5 dường như là một bản cập nhật gia tăng, ra mắt {0} với kiểu dáng gợi nhớ đến Playsystem 3 đời đầu. Hệ thống mới hứa hẹn sẽ là một bản cập nhật vững chắc"
4199,Vonny,Sony,"Nhiều người đã kỳ vọng rằng Vonny sẽ công bố một nền tảng mới trước khi mBox Next của Mirconoft có mặt trên thị trường và hôm nay, Vonny đã làm đúng như vậy. Giữ vững truyền thống của công ty, và trái ngược với cách đặt tên của đối thủ Mirconoft, hệ máy mới được công bố có tên rất phù hợp là Playsystem 5.{n}Playsystem 5 dường như là một bản cập nhật gia tăng, ra mắt {0} với kiểu dáng gợi nhớ đến Playsystem 3 đời đầu. Hệ thống mới hứa hẹn sẽ là một bản cập nhật vững chắc"
4199,mBox,Xbox,"Nhiều người đã kỳ vọng rằng Vonny sẽ công bố một nền tảng mới trước khi mBox Next của Mirconoft có mặt trên thị trường và hôm nay, Vonny đã làm đúng như vậy. Giữ vững truyền thống của công ty, và trái ngược với cách đặt tên của đối thủ Mirconoft, hệ máy mới được công bố có tên rất phù hợp là Playsystem 5.{n}Playsystem 5 dường như là một bản cập nhật gia tăng, ra mắt {0} với kiểu dáng gợi nhớ đến Playsystem 3 đời đầu. Hệ thống mới hứa hẹn sẽ là một bản cập nhật vững chắc"
4524,Mirconoft,Microsoft,"Sau phản ứng dữ dội của công chúng đối với các tính năng gây tranh cãi được công bố cho mBox One sắp ra mắt, Mirconoft hôm nay đã công bố một lá thư nêu rõ sự thay đổi kế hoạch của họ. mBox One sẽ không còn yêu cầu kết nối internet liên tục và sẽ không đặt ra các hạn chế về cách bán hoặc chia sẻ trò chơi.{n}Rõ ràng là các chiến lược khác biệt và phổ biến hơn nhiều của các công ty như {0}, cũng như chính những người chơi lên tiếng, đã buộc phải thay đổi hướng đi này."
4524,mBox One,Xbox One,"Sau phản ứng dữ dội của công chúng đối với các tính năng gây tranh cãi được công bố cho mBox One sắp ra mắt, Mirconoft hôm nay đã công bố một lá thư nêu rõ sự thay đổi kế hoạch của họ. mBox One sẽ không còn yêu cầu kết nối internet liên tục và sẽ không đặt ra các hạn chế về cách bán hoặc chia sẻ trò chơi.{n}Rõ ràng là các chiến lược khác biệt và phổ biến hơn nhiều của các công ty như {0}, cũng như chính những người chơi lên tiếng, đã buộc phải thay đổi hướng đi này."
4524,mBox,Xbox,"Sau phản ứng dữ dội của công chúng đối với các tính năng gây tranh cãi được công bố cho mBox One sắp ra mắt, Mirconoft hôm nay đã công bố một lá thư nêu rõ sự thay đổi kế hoạch của họ. mBox One sẽ không còn yêu cầu kết nối internet liên tục và sẽ không đặt ra các hạn chế về cách bán hoặc chia sẻ trò chơi.{n}Rõ ràng là các chiến lược khác biệt và phổ biến hơn nhiều của các công ty như {0}, cũng như chính những người chơi lên tiếng, đã buộc phải thay đổi hướng đi này."
4536,Visorius,Oculus Rift,"Hỗ trợ Visorius"
4627,G3,E3,"Kính gửi {0}!\nVì G3 đã trở thành cuộc gặp gỡ lớn nhất của các nhà phát triển game hàng năm, chúng tôi đã quyết định sử dụng tên của mình cho mục đích tốt đẹp hơn. Bắt đầu từ hôm nay, chúng tôi tổ chức các thử thách phát triển game khác nhau trong suốt cả năm, nơi các nhà phát triển game từ khắp nơi trên thế giới có thể cạnh tranh với nhau.{n}Đây sẽ là một cách tuyệt vời để các nhà phát triển game học hỏi những điều mới. Bạn luôn được chào đón tham gia bất cứ lúc nào. Không có giải thưởng nhưng đó sẽ là một cách tuyệt vời để nâng cao kỹ năng của mọi người.\nỦy ban G3."
4656,Ninvento,Nintendo,"Ninvento đã tiết lộ rằng sự tham gia của họ vào thế hệ console tiếp theo sẽ được gọi là Wuu. Hệ máy mới này có một bộ điều khiển với màn hình tích hợp.{n}Điều này được cho là sẽ làm cho các trò chơi nhiều người chơi cục bộ trở nên thú vị hơn nhiều bằng cách cung cấp cho mỗi người chơi một màn hình độc đáo. Ninvento luôn đi đầu trong đổi mới và hệ máy này dường như, một lần nữa, là một bước đi táo bạo.\nWuu được cho là sẽ có mặt {0}."
4656,Wuu,Wii U,"Ninvento đã tiết lộ rằng sự tham gia của họ vào thế hệ console tiếp theo sẽ được gọi là Wuu. Hệ máy mới này có một bộ điều khiển với màn hình tích hợp.{n}Điều này được cho là sẽ làm cho các trò chơi nhiều người chơi cục bộ trở nên thú vị hơn nhiều bằng cách cung cấp cho mỗi người chơi một màn hình độc đáo. Ninvento luôn đi đầu trong đổi mới và hệ máy này dường như, một lần nữa, là một bước đi táo bạo.\nWuu được cho là sẽ có mặt {0}."
4744,KickIT,Kickstarter,"Từ hư không, một công ty mới tên là KickIT đã gây bão truyền thông bằng cách huy động vốn cộng đồng thành công cho việc phát triển một hệ máy chơi game mới chỉ trong vòng chưa đầy tám giờ.{n}Hệ máy này, được mệnh danh là 'OYA', sử dụng công nghệ tương tự như điện thoại và máy tính bảng hiện đại và cung cấp game độc quyền qua cửa hàng trực tuyến của riêng mình.\nOYA là một hệ máy hình khối và nhỏ hơn nhiều so với hầu hết các tay cầm chơi game nhưng hình dạng không phải là thứ duy nhất nhỏ bé vì nhà phát triển tuyên bố rằng giá của OYA sẽ dưới 100cr.{n} KickIT cũng tuyên bố rằng mọi trò chơi trên OYA sẽ cung cấp bản DEMO miễn phí. OYA sẽ có mặt trên thị trường {0}."
4744,OYA,Ouya,"Từ hư không, một công ty mới tên là KickIT đã gây bão truyền thông bằng cách huy động vốn cộng đồng thành công cho việc phát triển một hệ máy chơi game mới chỉ trong vòng chưa đầy tám giờ.{n}Hệ máy này, được mệnh danh là 'OYA', sử dụng công nghệ tương tự như điện thoại và máy tính bảng hiện đại và cung cấp game độc quyền qua cửa hàng trực tuyến của riêng mình.\nOYA là một hệ máy hình khối và nhỏ hơn nhiều so với hầu hết các tay cầm chơi game nhưng hình dạng không phải là thứ duy nhất nhỏ bé vì nhà phát triển tuyên bố rằng giá của OYA sẽ dưới 100cr.{n} KickIT cũng tuyên bố rằng mọi trò chơi trên OYA sẽ cung cấp bản DEMO miễn phí. OYA sẽ có mặt trên thị trường {0}."
5142,G3,E3,"Huấn luyện G3"
5198,Departure Science,Aperture Science,"Departure Science"
5436,grPhone,iPhone,"- Gửi từ grPhone của tôi."
5554,Ninvento Swap,Nintendo Switch,"Hôm nay, Ninvento đã tiết lộ hệ máy chơi game sắp ra mắt của họ: The Ninvento Swap. Thiết bị này dường như hoạt động như cả một hệ máy di động và một hệ máy gia đình. Khi Swap được tháo khỏi đế cắm, các tay cầm điều khiển độc đáo được gọi là 'Fun-Pads' sẽ được gắn vào cạnh màn hình và biến hệ máy thành một thiết bị cầm tay.{n}Phản ứng đối với thông báo này khá trái chiều khi nhiều người bày tỏ lo ngại rằng thiết bị có thể không có đối tượng rõ ràng và có thể không thu hút được cả người chơi thông thường lẫn người chơi chuyên nghiệp. Những người khác ca ngợi tính chất độc đáo của thiết bị và chỉ ra rằng Ninvento thường xuyên đạt được thành công với các thiết bị kỳ lạ trong quá khứ. Swap được cho là sẽ có mặt trên thị trường {0}."
5554,Ninvento,Nintendo,"Hôm nay, Ninvento đã tiết lộ hệ máy chơi game sắp ra mắt của họ: The Ninvento Swap. Thiết bị này dường như hoạt động như cả một hệ máy di động và một hệ máy gia đình. Khi Swap được tháo khỏi đế cắm, các tay cầm điều khiển độc đáo được gọi là 'Fun-Pads' sẽ được gắn vào cạnh màn hình và biến hệ máy thành một thiết bị cầm tay.{n}Phản ứng đối với thông báo này khá trái chiều khi nhiều người bày tỏ lo ngại rằng thiết bị có thể không có đối tượng rõ ràng và có thể không thu hút được cả người chơi thông thường lẫn người chơi chuyên nghiệp. Những người khác ca ngợi tính chất độc đáo của thiết bị và chỉ ra rằng Ninvento thường xuyên đạt được thành công với các thiết bị kỳ lạ trong quá khứ. Swap được cho là sẽ có mặt trên thị trường {0}."
5554,Fun-Pads,Joy-Cons,"Hôm nay, Ninvento đã tiết lộ hệ máy chơi game sắp ra mắt của họ: The Ninvento Swap. Thiết bị này dường như hoạt động như cả một hệ máy di động và một hệ máy gia đình. Khi Swap được tháo khỏi đế cắm, các tay cầm điều khiển độc đáo được gọi là 'Fun-Pads' sẽ được gắn vào cạnh màn hình và biến hệ máy thành một thiết bị cầm tay.{n}Phản ứng đối với thông báo này khá trái chiều khi nhiều người bày tỏ lo ngại rằng thiết bị có thể không có đối tượng rõ ràng và có thể không thu hút được cả người chơi thông thường lẫn người chơi chuyên nghiệp. Những người khác ca ngợi tính chất độc đáo của thiết bị và chỉ ra rằng Ninvento thường xuyên đạt được thành công với các thiết bị kỳ lạ trong quá khứ. Swap được cho là sẽ có mặt trên thị trường {0}."
5557,Ninvento Swap,Nintendo Switch,"Hệ máy Ninvento Swap mới ra mắt gần đây đã gây ra một cơn bão truyền thông xã hội bất thường. Mọi chuyện bắt đầu khi một người tiêu dùng liếm một trong những băng game và báo cáo rằng nó có vị cực kỳ tệ. Hàng ngàn người tiêu dùng sau đó đã lặp lại thử nghiệm, nếm thử băng game của họ và báo cáo kết quả trên mạng xã hội, tiếp tục khuyến khích những người khác làm điều tương tự.{n}Ninvento hiện đã đưa ra một tuyên bố chính thức để xác nhận rằng các băng game cho Swap được phủ một lớp denatonium benzoate, một chất làm đắng không độc hại. Điều này rõ ràng được thực hiện để ngăn trẻ em cắn và nuốt những chiếc băng game khá nhỏ.{n}Phản ứng ban đầu đối với chính hệ máy này tích cực hơn so với vị của băng game của nó vì Swap đang tỏ ra khá phổ biến với các game thủ trên toàn cầu."
5557,Ninvento,Nintendo,"Hệ máy Ninvento Swap mới ra mắt gần đây đã gây ra một cơn bão truyền thông xã hội bất thường. Mọi chuyện bắt đầu khi một người tiêu dùng liếm một trong những băng game và báo cáo rằng nó có vị cực kỳ tệ. Hàng ngàn người tiêu dùng sau đó đã lặp lại thử nghiệm, nếm thử băng game của họ và báo cáo kết quả trên mạng xã hội, tiếp tục khuyến khích những người khác làm điều tương tự.{n}Ninvento hiện đã đưa ra một tuyên bố chính thức để xác nhận rằng các băng game cho Swap được phủ một lớp denatonium benzoate, một chất làm đắng không độc hại. Điều này rõ ràng được thực hiện để ngăn trẻ em cắn và nuốt những chiếc băng game khá nhỏ.{n}Phản ứng ban đầu đối với chính hệ máy này tích cực hơn so với vị của băng game của nó vì Swap đang tỏ ra khá phổ biến với các game thủ trên toàn cầu."
